observationID,deploymentID,mediaID,eventID,eventStart,eventEnd,observationLevel,observationType,cameraSetupType,scientificName,count,lifeStage,sex,behavior,individualID,individualPositionRadius,individualPositionAngle,individualSpeed,bboxX,bboxY,bboxWidth,bboxHeight,classificationMethod,classifiedBy,classificationTimestamp,classificationProbability,observationTags,observationComments
661064,398,37013560,9164,2024-07-03T22:57:00+00:00,2024-07-03T22:57:00+00:00,media,animal,,Not Lepidoptera,,,,,,,,,0.966552734375,0.0819444444444444,0.008544921875,0.036574074074074,,,,,,
661065,398,37013560,9164,2024-07-03T22:57:00+00:00,2024-07-03T22:57:00+00:00,media,animal,,Not Lepidoptera,,,,,,,,,0.251708984375,0.7615740740740741,0.110595703125,0.2050925925925926,,,,,,
661066,398,37013560,9164,2024-07-03T22:57:00+00:00,2024-07-03T22:57:00+00:00,media,animal,,Not Lepidoptera,,,,,,,,,0.00244140625,0.8481481481481481,0.079345703125,0.1504629629629629,,,,,,
661067,398,37013560,9164,2024-07-03T22:57:00+00:00,2024-07-03T22:57:00+00:00,media,animal,,Not Lepidoptera,,,,,,,,,0.89599609375,0.0916666666666666,0.0078125,0.0458333333333333,,,,,,
661068,398,37013560,9164,2024-07-03T22:57:00+00:00,2024-07-03T22:57:00+00:00,media,animal,,Not Lepidoptera,,,,,,,,,0.98388671875,0.6337962962962963,0.01611328125,0.0861111111111111,,,,,,
661069,398,37013560,9164,2024-07-03T22:57:00+00:00,2024-07-03T22:57:00+00:00,media,animal,,Not Lepidoptera,,,,,,,,,0.008544921875,0.7101851851851851,0.07861328125,0.2898148148148148,,,,,,
661070,398,37013560,9164,2024-07-03T22:57:00+00:00,2024-07-03T22:57:00+00:00,media,animal,,Not Lepidoptera,,,,,,,,,0.18896484375,0.6064814814814815,0.059326171875,0.1759259259259259,,,,,,
661071,398,37013560,9164,2024-07-03T22:57:00+00:00,2024-07-03T22:57:00+00:00,media,animal,,Not Lepidoptera,,,,,,,,,0.17626953125,0.7680555555555556,0.1962890625,0.2319444444444444,,,,,,
661072,398,37013560,9164,2024-07-03T22:57:00+00:00,2024-07-03T22:57:00+00:00,media,animal,,Not Lepidoptera,,,,,,,,,0.014404296875,0.4537037037037037,0.06103515625,0.2361111111111111,,,,,,
661073,398,37013560,9164,2024-07-03T22:57:00+00:00,2024-07-03T22:57:00+00:00,media,animal,,Choristoneura rosaceana,,,,,,,,,0.36767578125,0.4662037037037037,0.0146484375,0.0550925925925925,,,,,,
661074,398,37013560,9164,2024-07-03T22:57:00+00:00,2024-07-03T22:57:00+00:00,media,animal,,Dichrorampha acuminatana,,,,,,,,,0.896240234375,0.3273148148148148,0.019287109375,0.0291666666666666,,,,,,
661075,398,37013560,9164,2024-07-03T22:57:00+00:00,2024-07-03T22:57:00+00:00,media,animal,,Epiblema obfuscana,,,,,,,,,0.60791015625,0.1421296296296296,0.0126953125,0.0407407407407407,,,,,,
661076,398,37013560,9164,2024-07-03T22:57:00+00:00,2024-07-03T22:57:00+00:00,media,animal,,Rhopobota dietziana,,,,,,,,,0.27734375,0.3731481481481482,0.01025390625,0.037037037037037,,,,,,
661077,398,37013560,9164,2024-07-03T22:57:00+00:00,2024-07-03T22:57:00+00:00,media,animal,,Rheumaptera undulata,,,,,,,,,0.081787109375,0.8032407407407407,0.08203125,0.1967592592592592,,,,,,
661078,398,37013560,9164,2024-07-03T22:57:00+00:00,2024-07-03T22:57:00+00:00,media,animal,,Pero morrisonaria,,,,,,,,,0.619384765625,0.5888888888888889,0.074462890625,0.1050925925925926,,,,,,
661079,398,37013560,9164,2024-07-03T22:57:00+00:00,2024-07-03T22:57:00+00:00,media,animal,,Choristoneura rosaceana,,,,,,,,,0.69677734375,0.3055555555555556,0.021240234375,0.0634259259259259,,,,,,
661080,398,37013560,9164,2024-07-03T22:57:00+00:00,2024-07-03T22:57:00+00:00,media,animal,,Choristoneura rosaceana,,,,,,,,,0.73046875,0.2421296296296296,0.02294921875,0.0578703703703703,,,,,,
661081,398,37013560,9164,2024-07-03T22:57:00+00:00,2024-07-03T22:57:00+00:00,media,animal,,Crocigrapha normani,,,,,,,,,0.27294921875,0.9333333333333332,0.07958984375,0.0666666666666666,,,,,,
661082,398,37013560,9164,2024-07-03T22:57:00+00:00,2024-07-03T22:57:00+00:00,media,animal,,Clepsis persicana,,,,,,,,,0.773193359375,0.3513888888888888,0.021728515625,0.0444444444444444,,,,,,
661083,398,37013560,9164,2024-07-03T22:57:00+00:00,2024-07-03T22:57:00+00:00,media,animal,,Choristoneura rosaceana,,,,,,,,,0.8466796875,0.124074074074074,0.021728515625,0.0532407407407407,,,,,,
717678,398,37025263,9166,2024-07-09T02:46:49+00:00,2024-07-09T02:46:49+00:00,media,animal,,Not Lepidoptera,,,,,,,,,0.26904296875,0.0648148148148148,0.014404296875,0.0560185185185185,,,,,,
717679,398,37025263,9166,2024-07-09T02:46:49+00:00,2024-07-09T02:46:49+00:00,media,animal,,Not Lepidoptera,,,,,,,,,0.3662109375,0.4486111111111111,0.021484375,0.0398148148148148,,,,,,
717680,398,37025263,9166,2024-07-09T02:46:49+00:00,2024-07-09T02:46:49+00:00,media,animal,,Not Lepidoptera,,,,,,,,,0.60888671875,0.1828703703703703,0.01025390625,0.0518518518518518,,,,,,
717681,398,37025263,9166,2024-07-09T02:46:49+00:00,2024-07-09T02:46:49+00:00,media,animal,,Not Lepidoptera,,,,,,,,,0.71142578125,0.1574074074074074,0.019287109375,0.0879629629629629,,,,,,
717682,398,37025263,9166,2024-07-09T02:46:49+00:00,2024-07-09T02:46:49+00:00,media,animal,,Not Lepidoptera,,,,,,,,,0.17236328125,0.5995370370370371,0.032470703125,0.0189814814814814,,,,,,
717683,398,37025263,9166,2024-07-09T02:46:49+00:00,2024-07-09T02:46:49+00:00,media,animal,,Not Lepidoptera,,,,,,,,,0.217529296875,0.2768518518518518,0.010986328125,0.0638888888888888,,,,,,
717684,398,37025263,9166,2024-07-09T02:46:49+00:00,2024-07-09T02:46:49+00:00,media,animal,,Not Lepidoptera,,,,,,,,,0.196533203125,0.0009259259259259,0.0322265625,0.0217592592592592,,,,,,
717685,398,37025263,9166,2024-07-09T02:46:49+00:00,2024-07-09T02:46:49+00:00,media,animal,,Not Lepidoptera,,,,,,,,,0.06884765625,0.0,0.01123046875,0.0453703703703703,,,,,,
717686,398,37025263,9166,2024-07-09T02:46:49+00:00,2024-07-09T02:46:49+00:00,media,animal,,Not Lepidoptera,,,,,,,,,0.10791015625,0.8462962962962963,0.17822265625,0.1537037037037037,,,,,,
717687,398,37025263,9166,2024-07-09T02:46:49+00:00,2024-07-09T02:46:49+00:00,media,animal,,Not Lepidoptera,,,,,,,,,0.50341796875,0.0129629629629629,0.031005859375,0.0949074074074074,,,,,,
717688,398,37025263,9166,2024-07-09T02:46:49+00:00,2024-07-09T02:46:49+00:00,media,animal,,Choristoneura rosaceana,,,,,,,,,0.4150390625,0.1175925925925926,0.01708984375,0.0578703703703703,,,,,,
717689,398,37025263,9166,2024-07-09T02:46:49+00:00,2024-07-09T02:46:49+00:00,media,animal,,Choristoneura rosaceana,,,,,,,,,0.11474609375,0.3578703703703704,0.02392578125,0.0606481481481481,,,,,,
717690,398,37025263,9166,2024-07-09T02:46:49+00:00,2024-07-09T02:46:49+00:00,media,animal,,Plusia putnami,,,,,,,,,0.15087890625,0.6365740740740741,0.04443359375,0.1254629629629629,,,,,,
717691,398,37025263,9166,2024-07-09T02:46:49+00:00,2024-07-09T02:46:49+00:00,media,animal,,Choristoneura fumiferana,,,,,,,,,0.859130859375,0.1759259259259259,0.024169921875,0.0625,,,,,,
717692,398,37025263,9166,2024-07-09T02:46:49+00:00,2024-07-09T02:46:49+00:00,media,animal,,Choristoneura fumiferana,,,,,,,,,0.31689453125,0.4837962962962963,0.028076171875,0.0708333333333333,,,,,,
717693,398,37025263,9166,2024-07-09T02:46:49+00:00,2024-07-09T02:46:49+00:00,media,animal,,Choristoneura parallela,,,,,,,,,0.8212890625,0.6717592592592593,0.02294921875,0.0537037037037037,,,,,,
717694,398,37025263,9166,2024-07-09T02:46:49+00:00,2024-07-09T02:46:49+00:00,media,animal,,Choristoneura rosaceana,,,,,,,,,0.402587890625,0.2055555555555555,0.01708984375,0.0606481481481481,,,,,,
717695,398,37025263,9166,2024-07-09T02:46:49+00:00,2024-07-09T02:46:49+00:00,media,animal,,Platynota exasperatana,,,,,,,,,0.1015625,0.0083333333333333,0.022705078125,0.0601851851851851,,,,,,
717696,398,37025263,9166,2024-07-09T02:46:49+00:00,2024-07-09T02:46:49+00:00,media,animal,,Choristoneura rosaceana,,,,,,,,,0.80224609375,0.349537037037037,0.021240234375,0.0611111111111111,,,,,,
717697,398,37025263,9166,2024-07-09T02:46:49+00:00,2024-07-09T02:46:49+00:00,media,animal,,Choristoneura fumiferana,,,,,,,,,0.353271484375,0.6949074074074074,0.02099609375,0.0666666666666666,,,,,,
717698,398,37025263,9166,2024-07-09T02:46:49+00:00,2024-07-09T02:46:49+00:00,media,animal,,Choristoneura rosaceana,,,,,,,,,0.674560546875,0.4476851851851852,0.01904296875,0.0597222222222222,,,,,,
717699,398,37025263,9166,2024-07-09T02:46:49+00:00,2024-07-09T02:46:49+00:00,media,animal,,Choristoneura rosaceana,,,,,,,,,0.241455078125,0.436574074074074,0.02099609375,0.0592592592592592,,,,,,
717700,398,37025263,9166,2024-07-09T02:46:49+00:00,2024-07-09T02:46:49+00:00,media,animal,,Choristoneura rosaceana,,,,,,,,,0.66357421875,0.3601851851851851,0.01806640625,0.0592592592592592,,,,,,
717701,398,37025263,9166,2024-07-09T02:46:49+00:00,2024-07-09T02:46:49+00:00,media,animal,,Archips argyrospila,,,,,,,,,0.0439453125,0.3574074074074074,0.0224609375,0.0657407407407407,,,,,,
717702,398,37025263,9166,2024-07-09T02:46:49+00:00,2024-07-09T02:46:49+00:00,media,animal,,Choristoneura rosaceana,,,,,,,,,0.7001953125,0.3513888888888888,0.018310546875,0.0550925925925925,,,,,,
717703,398,37025263,9166,2024-07-09T02:46:49+00:00,2024-07-09T02:46:49+00:00,media,animal,,Archips rosana,,,,,,,,,0.440185546875,0.0694444444444444,0.021728515625,0.0657407407407407,,,,,,
717704,398,37025263,9166,2024-07-09T02:46:49+00:00,2024-07-09T02:46:49+00:00,media,animal,,Choristoneura fumiferana,,,,,,,,,0.766845703125,0.2296296296296296,0.022216796875,0.0666666666666666,,,,,,
717705,398,37025263,9166,2024-07-09T02:46:49+00:00,2024-07-09T02:46:49+00:00,media,animal,,Pandemis limitata,,,,,,,,,0.8251953125,0.436574074074074,0.019287109375,0.0652777777777777,,,,,,
717706,398,37025263,9166,2024-07-09T02:46:49+00:00,2024-07-09T02:46:49+00:00,media,animal,,Choristoneura rosaceana,,,,,,,,,0.757080078125,0.7342592592592593,0.017822265625,0.0606481481481481,,,,,,
717707,398,37025263,9166,2024-07-09T02:46:49+00:00,2024-07-09T02:46:49+00:00,media,animal,,Choristoneura rosaceana,,,,,,,,,0.885498046875,0.6606481481481481,0.017333984375,0.0611111111111111,,,,,,
717708,398,37025263,9166,2024-07-09T02:46:49+00:00,2024-07-09T02:46:49+00:00,media,animal,,Archips rosana,,,,,,,,,0.048095703125,0.2,0.02197265625,0.0657407407407407,,,,,,
717709,398,37025263,9166,2024-07-09T02:46:49+00:00,2024-07-09T02:46:49+00:00,media,animal,,Archips rosana,,,,,,,,,0.34423828125,0.3143518518518518,0.0205078125,0.0708333333333333,,,,,,
717710,398,37025263,9166,2024-07-09T02:46:49+00:00,2024-07-09T02:46:49+00:00,media,animal,,Archips rosana,,,,,,,,,0.6923828125,0.2759259259259259,0.01708984375,0.0675925925925925,,,,,,
717711,398,37025263,9166,2024-07-09T02:46:49+00:00,2024-07-09T02:46:49+00:00,media,animal,,Choristoneura rosaceana,,,,,,,,,0.36474609375,0.8458333333333333,0.018310546875,0.062037037037037,,,,,,
717712,398,37025263,9166,2024-07-09T02:46:49+00:00,2024-07-09T02:46:49+00:00,media,animal,,Choristoneura fumiferana,,,,,,,,,0.41650390625,0.3291666666666666,0.025390625,0.0717592592592592,,,,,,
717713,398,37025263,9166,2024-07-09T02:46:49+00:00,2024-07-09T02:46:49+00:00,media,animal,,Choristoneura fumiferana,,,,,,,,,0.16943359375,0.4791666666666667,0.025634765625,0.074537037037037,,,,,,
717714,398,37025263,9166,2024-07-09T02:46:49+00:00,2024-07-09T02:46:49+00:00,media,animal,,Choristoneura pinus,,,,,,,,,0.335205078125,0.0717592592592592,0.018798828125,0.0666666666666666,,,,,,
717715,398,37025263,9166,2024-07-09T02:46:49+00:00,2024-07-09T02:46:49+00:00,media,animal,,Archips argyrospila,,,,,,,,,0.9765625,0.5069444444444444,0.020751953125,0.0643518518518518,,,,,,
717716,398,37025263,9166,2024-07-09T02:46:49+00:00,2024-07-09T02:46:49+00:00,media,animal,,Choristoneura fumiferana,,,,,,,,,0.2939453125,0.2699074074074074,0.022216796875,0.0699074074074074,,,,,,
717717,398,37025263,9166,2024-07-09T02:46:49+00:00,2024-07-09T02:46:49+00:00,media,animal,,Choristoneura fumiferana,,,,,,,,,0.87939453125,0.2412037037037037,0.0224609375,0.0666666666666666,,,,,,
717718,398,37025263,9166,2024-07-09T02:46:49+00:00,2024-07-09T02:46:49+00:00,media,animal,,Xenotemna pallorana,,,,,,,,,0.70166015625,0.5416666666666666,0.02001953125,0.0657407407407407,,,,,,
717719,398,37025263,9166,2024-07-09T02:46:49+00:00,2024-07-09T02:46:49+00:00,media,animal,,Choristoneura fumiferana,,,,,,,,,0.7685546875,0.6356481481481482,0.023681640625,0.0689814814814814,,,,,,
717720,398,37025263,9166,2024-07-09T02:46:49+00:00,2024-07-09T02:46:49+00:00,media,animal,,Choristoneura rosaceana,,,,,,,,,0.115234375,0.4648148148148148,0.032958984375,0.0800925925925925,,,,,,
717721,398,37025263,9166,2024-07-09T02:46:49+00:00,2024-07-09T02:46:49+00:00,media,animal,,Choristoneura fumiferana,,,,,,,,,0.48486328125,0.374537037037037,0.02685546875,0.0768518518518518,,,,,,
717722,398,37025263,9166,2024-07-09T02:46:49+00:00,2024-07-09T02:46:49+00:00,media,animal,,Choristoneura fumiferana,,,,,,,,,0.387939453125,0.3569444444444444,0.0205078125,0.0671296296296296,,,,,,
717723,398,37025263,9166,2024-07-09T02:46:49+00:00,2024-07-09T02:46:49+00:00,media,animal,,Acleris variana,,,,,,,,,0.6318359375,0.1023148148148148,0.024658203125,0.0606481481481481,,,,,,
717724,398,37025263,9166,2024-07-09T02:46:49+00:00,2024-07-09T02:46:49+00:00,media,animal,,Endothenia hebesana,,,,,,,,,0.661865234375,0.0662037037037037,0.0234375,0.0699074074074074,,,,,,
717725,398,37025263,9166,2024-07-09T02:46:49+00:00,2024-07-09T02:46:49+00:00,media,animal,,Choristoneura rosaceana,,,,,,,,,0.39453125,0.2953703703703704,0.01708984375,0.0592592592592592,,,,,,
717726,398,37025263,9166,2024-07-09T02:46:49+00:00,2024-07-09T02:46:49+00:00,media,animal,,Choristoneura fumiferana,,,,,,,,,0.52783203125,0.6129629629629629,0.0244140625,0.0726851851851851,,,,,,
717727,398,37025263,9166,2024-07-09T02:46:49+00:00,2024-07-09T02:46:49+00:00,media,animal,,Argyrotaenia pinatubana,,,,,,,,,0.867431640625,0.112037037037037,0.01416015625,0.0564814814814814,,,,,,
717728,398,37025263,9166,2024-07-09T02:46:49+00:00,2024-07-09T02:46:49+00:00,media,animal,,Archips argyrospila,,,,,,,,,0.963623046875,0.124074074074074,0.0146484375,0.0583333333333333,,,,,,
717729,398,37025263,9166,2024-07-09T02:46:49+00:00,2024-07-09T02:46:49+00:00,media,animal,,Choristoneura rosaceana,,,,,,,,,0.563232421875,0.7518518518518519,0.020751953125,0.0805555555555555,,,,,,
717730,398,37025263,9166,2024-07-09T02:46:49+00:00,2024-07-09T02:46:49+00:00,media,animal,,Choristoneura rosaceana,,,,,,,,,0.8154296875,0.8856481481481482,0.018798828125,0.0796296296296296,,,,,,
717731,398,37025263,9166,2024-07-09T02:46:49+00:00,2024-07-09T02:46:49+00:00,media,animal,,Ortholepis pasadamia,,,,,,,,,0.863525390625,0.4046296296296296,0.01513671875,0.0625,,,,,,
717732,398,37025263,9166,2024-07-09T02:46:49+00:00,2024-07-09T02:46:49+00:00,media,animal,,Choristoneura rosaceana,,,,,,,,,0.447265625,0.9550925925925926,0.01953125,0.0449074074074074,,,,,,
717733,398,37025263,9166,2024-07-09T02:46:49+00:00,2024-07-09T02:46:49+00:00,media,animal,,Endothenia hebesana,,,,,,,,,0.861328125,0.8537037037037037,0.020263671875,0.0666666666666666,,,,,,
717734,398,37025263,9166,2024-07-09T02:46:49+00:00,2024-07-09T02:46:49+00:00,media,animal,,Archips rosana,,,,,,,,,0.072265625,0.0907407407407407,0.01318359375,0.0476851851851851,,,,,,
717735,398,37025263,9166,2024-07-09T02:46:49+00:00,2024-07-09T02:46:49+00:00,media,animal,,Oreana unicolorella,,,,,,,,,0.539794921875,0.8245370370370371,0.021240234375,0.0712962962962963,,,,,,
717736,398,37025263,9166,2024-07-09T02:46:49+00:00,2024-07-09T02:46:49+00:00,media,animal,,Choristoneura fumiferana,,,,,,,,,0.197265625,0.4407407407407407,0.02783203125,0.074074074074074,,,,,,
717737,398,37025263,9166,2024-07-09T02:46:49+00:00,2024-07-09T02:46:49+00:00,media,animal,,Pandemis limitata,,,,,,,,,0.906494140625,0.5467592592592593,0.012451171875,0.0513888888888888,,,,,,
717738,398,37025263,9166,2024-07-09T02:46:49+00:00,2024-07-09T02:46:49+00:00,media,animal,,Archips argyrospila,,,,,,,,,0.967529296875,0.4513888888888889,0.017333984375,0.0634259259259259,,,,,,
717739,398,37025263,9166,2024-07-09T02:46:49+00:00,2024-07-09T02:46:49+00:00,media,animal,,Cydia caryana,,,,,,,,,0.76318359375,0.0018518518518518,0.02001953125,0.0583333333333333,,,,,,
717740,398,37025263,9166,2024-07-09T02:46:49+00:00,2024-07-09T02:46:49+00:00,media,animal,,Acrolophus mora,,,,,,,,,0.375,0.0625,0.012939453125,0.0439814814814814,,,,,,
717741,398,37025263,9166,2024-07-09T02:46:49+00:00,2024-07-09T02:46:49+00:00,media,animal,,Olethreutes ferrolineana,,,,,,,,,0.8076171875,0.0356481481481481,0.019287109375,0.061574074074074,,,,,,
717742,398,37025263,9166,2024-07-09T02:46:49+00:00,2024-07-09T02:46:49+00:00,media,animal,,Cydia caryana,,,,,,,,,0.8662109375,0.0,0.019287109375,0.0412037037037037,,,,,,
717743,398,37025263,9166,2024-07-09T02:46:49+00:00,2024-07-09T02:46:49+00:00,media,animal,,Choristoneura rosaceana,,,,,,,,,0.078369140625,0.2648148148148148,0.02001953125,0.0712962962962963,,,,,,
717744,398,37025263,9166,2024-07-09T02:46:49+00:00,2024-07-09T02:46:49+00:00,media,animal,,Glaphyria invisalis,,,,,,,,,0.239013671875,0.2550925925925926,0.0537109375,0.0694444444444444,,,,,,
717745,398,37025263,9166,2024-07-09T02:46:49+00:00,2024-07-09T02:46:49+00:00,media,animal,,Choristoneura rosaceana,,,,,,,,,0.465576171875,0.7092592592592593,0.02294921875,0.0638888888888888,,,,,,
717746,398,37025263,9166,2024-07-09T02:46:49+00:00,2024-07-09T02:46:49+00:00,media,animal,,Virbia opella,,,,,,,,,0.452880859375,0.2435185185185185,0.0185546875,0.049074074074074,,,,,,
717747,398,37025263,9166,2024-07-09T02:46:49+00:00,2024-07-09T02:46:49+00:00,media,animal,,Xenotemna pallorana,,,,,,,,,0.12158203125,0.1388888888888889,0.011962890625,0.0388888888888888,,,,,,
717748,398,37025263,9166,2024-07-09T02:46:49+00:00,2024-07-09T02:46:49+00:00,media,animal,,Archips argyrospila,,,,,,,,,0.828369140625,0.2583333333333333,0.021240234375,0.0699074074074074,,,,,,
717749,398,37025263,9166,2024-07-09T02:46:49+00:00,2024-07-09T02:46:49+00:00,media,animal,,Choristoneura fumiferana,,,,,,,,,0.64697265625,0.1625,0.02587890625,0.0717592592592592,,,,,,
717750,398,37025263,9166,2024-07-09T02:46:49+00:00,2024-07-09T02:46:49+00:00,media,animal,,Cenopis diluticostana,,,,,,,,,0.80615234375,0.2819444444444444,0.02001953125,0.0694444444444444,,,,,,
717751,398,37025263,9166,2024-07-09T02:46:49+00:00,2024-07-09T02:46:49+00:00,media,animal,,Choristoneura fumiferana,,,,,,,,,0.667724609375,0.1921296296296296,0.0224609375,0.0671296296296296,,,,,,
717752,398,37025263,9166,2024-07-09T02:46:49+00:00,2024-07-09T02:46:49+00:00,media,animal,,Platynota exasperatana,,,,,,,,,0.811767578125,0.0,0.0234375,0.0458333333333333,,,,,,
717753,398,37025263,9166,2024-07-09T02:46:49+00:00,2024-07-09T02:46:49+00:00,media,animal,,Carpatolechia fugitivella,,,,,,,,,0.505859375,0.8634259259259259,0.0107421875,0.0430555555555555,,,,,,
717754,398,37025263,9166,2024-07-09T02:46:49+00:00,2024-07-09T02:46:49+00:00,media,animal,,Chrysoteuchia topiarius,,,,,,,,,0.598388671875,0.3805555555555555,0.015380859375,0.0583333333333333,,,,,,
717755,398,37025263,9166,2024-07-09T02:46:49+00:00,2024-07-09T02:46:49+00:00,media,animal,,Cenopis diluticostana,,,,,,,,,0.208984375,0.0148148148148148,0.02099609375,0.0564814814814814,,,,,,
717756,398,37025263,9166,2024-07-09T02:46:49+00:00,2024-07-09T02:46:49+00:00,media,animal,,Choristoneura rosaceana,,,,,,,,,0.569580078125,0.5662037037037037,0.02001953125,0.0634259259259259,,,,,,
717757,398,37025263,9166,2024-07-09T02:46:49+00:00,2024-07-09T02:46:49+00:00,media,animal,,Cydia caryana,,,,,,,,,0.91357421875,0.0319444444444444,0.022705078125,0.0597222222222222,,,,,,
717758,398,37025263,9166,2024-07-09T02:46:49+00:00,2024-07-09T02:46:49+00:00,media,animal,,Choristoneura fumiferana,,,,,,,,,0.47802734375,0.1541666666666666,0.01904296875,0.0675925925925925,,,,,,
717759,398,37025263,9166,2024-07-09T02:46:49+00:00,2024-07-09T02:46:49+00:00,media,animal,,Aethes biscana,,,,,,,,,0.51123046875,0.9388888888888888,0.008056640625,0.0416666666666666,,,,,,
717760,398,37025263,9166,2024-07-09T02:46:49+00:00,2024-07-09T02:46:49+00:00,media,animal,,Platynota flavedana,,,,,,,,,0.05419921875,0.0143518518518518,0.01318359375,0.0435185185185185,,,,,,
717761,398,37025263,9166,2024-07-09T02:46:49+00:00,2024-07-09T02:46:49+00:00,media,animal,,Sciota virgatella,,,,,,,,,0.480712890625,0.6615740740740741,0.013671875,0.0694444444444444,,,,,,
717762,398,37025263,9166,2024-07-09T02:46:49+00:00,2024-07-09T02:46:49+00:00,media,animal,,Chrysoteuchia topiarius,,,,,,,,,0.4052734375,0.9277777777777778,0.01220703125,0.0666666666666666,,,,,,
717763,398,37025263,9166,2024-07-09T02:46:49+00:00,2024-07-09T02:46:49+00:00,media,animal,,Cenopis directana,,,,,,,,,0.75390625,0.9805555555555556,0.0244140625,0.0194444444444444,,,,,,
717764,398,37025263,9166,2024-07-09T02:46:49+00:00,2024-07-09T02:46:49+00:00,media,animal,,Clepsis clemensiana,,,,,,,,,0.400634765625,0.7143518518518519,0.025146484375,0.0712962962962963,,,,,,
717765,398,37025263,9166,2024-07-09T02:46:49+00:00,2024-07-09T02:46:49+00:00,media,animal,,Chrysoteuchia topiarius,,,,,,,,,0.521240234375,0.1305555555555555,0.009033203125,0.0504629629629629,,,,,,
717766,398,37025263,9166,2024-07-09T02:46:49+00:00,2024-07-09T02:46:49+00:00,media,animal,,Cydia pomonella,,,,,,,,,0.475341796875,0.0185185185185185,0.0078125,0.0314814814814814,,,,,,
717767,398,37025263,9166,2024-07-09T02:46:49+00:00,2024-07-09T02:46:49+00:00,media,animal,,Olethreutes nigranum,,,,,,,,,0.6923828125,0.1763888888888889,0.01904296875,0.0435185185185185,,,,,,
717768,398,37025263,9166,2024-07-09T02:46:49+00:00,2024-07-09T02:46:49+00:00,media,animal,,Choristoneura rosaceana,,,,,,,,,0.4931640625,0.2212962962962963,0.026611328125,0.0699074074074074,,,,,,
717769,398,37025263,9166,2024-07-09T02:46:49+00:00,2024-07-09T02:46:49+00:00,media,animal,,Choristoneura rosaceana,,,,,,,,,0.5009765625,0.2462962962962963,0.021484375,0.0699074074074074,,,,,,
717770,398,37025263,9166,2024-07-09T02:46:49+00:00,2024-07-09T02:46:49+00:00,media,animal,,Choristoneura fumiferana,,,,,,,,,0.89892578125,0.0504629629629629,0.022705078125,0.0722222222222222,,,,,,
717771,398,37025263,9166,2024-07-09T02:46:49+00:00,2024-07-09T02:46:49+00:00,media,animal,,Argyrotaenia quercifoliana,,,,,,,,,0.011962890625,0.8430555555555556,0.087646484375,0.1569444444444444,,,,,,
717772,398,37025263,9166,2024-07-09T02:46:49+00:00,2024-07-09T02:46:49+00:00,media,animal,,Tosale oviplagalis,,,,,,,,,0.6015625,0.0,0.01904296875,0.0129629629629629,,,,,,
717773,398,37025263,9166,2024-07-09T02:46:49+00:00,2024-07-09T02:46:49+00:00,media,animal,,Choristoneura fumiferana,,,,,,,,,0.404541015625,0.7111111111111111,0.035400390625,0.0856481481481481,,,,,,
717774,398,37025263,9166,2024-07-09T02:46:49+00:00,2024-07-09T02:46:49+00:00,media,animal,,Choristoneura fumiferana,,,,,,,,,0.418701171875,0.7212962962962963,0.026123046875,0.0851851851851851,,,,,,
717775,398,37025263,9166,2024-07-09T02:46:49+00:00,2024-07-09T02:46:49+00:00,media,animal,,Choristoneura rosaceana,,,,,,,,,0.25146484375,0.874537037037037,0.127685546875,0.1254629629629629,,,,,,
717776,398,37025263,9166,2024-07-09T02:46:49+00:00,2024-07-09T02:46:49+00:00,media,animal,,Archips purpurana,,,,,,,,,0.046142578125,0.499537037037037,0.059814453125,0.2689814814814815,,,,,,
717777,398,37025263,9166,2024-07-09T02:46:49+00:00,2024-07-09T02:46:49+00:00,media,animal,,Archips purpurana,,,,,,,,,0.023193359375,0.6111111111111112,0.087890625,0.3888888888888889,,,,,,
717778,398,37025263,9166,2024-07-09T02:46:49+00:00,2024-07-09T02:46:49+00:00,media,animal,,Choristoneura fumiferana,,,,,,,,,0.528564453125,0.0578703703703703,0.016357421875,0.0578703703703703,,,,,,
717779,398,37025263,9166,2024-07-09T02:46:49+00:00,2024-07-09T02:46:49+00:00,media,animal,,Archips rosana,,,,,,,,,0.456787109375,0.1708333333333333,0.021728515625,0.0578703703703703,,,,,,
717780,398,37025263,9166,2024-07-09T02:46:49+00:00,2024-07-09T02:46:49+00:00,media,animal,,Choristoneura rosaceana,,,,,,,,,0.58837890625,0.5601851851851852,0.024169921875,0.0643518518518518,,,,,,
721247,399,37046098,9002,2022-07-23T04:41:02+00:00,2022-07-23T04:41:02+00:00,media,animal,,Cenopis pettitana,,,,,,,,,0.976806640625,0.0273148148148148,0.0224609375,0.0699074074074074,,,,,,
721248,399,37046098,9002,2022-07-23T04:41:02+00:00,2022-07-23T04:41:02+00:00,media,animal,,Not Lepidoptera,,,,,,,,,0.787353515625,0.1212962962962962,0.018310546875,0.0273148148148148,,,,,,
721249,399,37046098,9002,2022-07-23T04:41:02+00:00,2022-07-23T04:41:02+00:00,media,animal,,Not Lepidoptera,,,,,,,,,0.39501953125,0.5944444444444444,0.0107421875,0.0402777777777777,,,,,,
721250,399,37046098,9002,2022-07-23T04:41:02+00:00,2022-07-23T04:41:02+00:00,media,animal,,Not Lepidoptera,,,,,,,,,0.021240234375,0.0101851851851851,0.0166015625,0.0601851851851851,,,,,,
721251,399,37046098,9002,2022-07-23T04:41:02+00:00,2022-07-23T04:41:02+00:00,media,animal,,Not Lepidoptera,,,,,,,,,0.568359375,0.4180555555555555,0.009033203125,0.0472222222222222,,,,,,
721252,399,37046098,9002,2022-07-23T04:41:02+00:00,2022-07-23T04:41:02+00:00,media,animal,,Not Lepidoptera,,,,,,,,,0.596435546875,0.0212962962962962,0.012939453125,0.0550925925925925,,,,,,
721253,399,37046098,9002,2022-07-23T04:41:02+00:00,2022-07-23T04:41:02+00:00,media,animal,,Not Lepidoptera,,,,,,,,,0.694580078125,0.0472222222222222,0.008544921875,0.0569444444444444,,,,,,
721254,399,37046098,9002,2022-07-23T04:41:02+00:00,2022-07-23T04:41:02+00:00,media,animal,,Not Lepidoptera,,,,,,,,,0.1171875,0.0712962962962963,0.02587890625,0.0175925925925925,,,,,,
721255,399,37046098,9002,2022-07-23T04:41:02+00:00,2022-07-23T04:41:02+00:00,media,animal,,Not Lepidoptera,,,,,,,,,0.177978515625,0.0009259259259259,0.010986328125,0.0324074074074074,,,,,,
721256,399,37046098,9002,2022-07-23T04:41:02+00:00,2022-07-23T04:41:02+00:00,media,animal,,Not Lepidoptera,,,,,,,,,0.840576171875,0.1236111111111111,0.00830078125,0.0523148148148148,,,,,,
721257,399,37046098,9002,2022-07-23T04:41:02+00:00,2022-07-23T04:41:02+00:00,media,animal,,Acleris forsskaleana,,,,,,,,,0.37841796875,0.0351851851851851,0.02001953125,0.0351851851851851,,,,,,
721258,399,37046098,9002,2022-07-23T04:41:02+00:00,2022-07-23T04:41:02+00:00,media,animal,,Acleris forsskaleana,,,,,,,,,0.326416015625,0.2435185185185185,0.02001953125,0.0412037037037037,,,,,,
721259,399,37046098,9002,2022-07-23T04:41:02+00:00,2022-07-23T04:41:02+00:00,media,animal,,Pasiphila rectangulata,,,,,,,,,0.422607421875,0.6791666666666667,0.038330078125,0.0731481481481481,,,,,,
721260,399,37046098,9002,2022-07-23T04:41:02+00:00,2022-07-23T04:41:02+00:00,media,animal,,Archips argyrospila,,,,,,,,,0.907958984375,0.5439814814814815,0.025146484375,0.0462962962962962,,,,,,
721261,399,37046098,9002,2022-07-23T04:41:02+00:00,2022-07-23T04:41:02+00:00,media,animal,,Acleris forsskaleana,,,,,,,,,0.435546875,0.0476851851851851,0.019287109375,0.0375,,,,,,
721262,399,37046098,9002,2022-07-23T04:41:02+00:00,2022-07-23T04:41:02+00:00,media,animal,,Cydia pomonella,,,,,,,,,0.831787109375,0.5055555555555555,0.019775390625,0.0587962962962963,,,,,,
721263,399,37046098,9002,2022-07-23T04:41:02+00:00,2022-07-23T04:41:02+00:00,media,animal,,Acleris forsskaleana,,,,,,,,,0.333984375,0.6268518518518519,0.017578125,0.0449074074074074,,,,,,
721264,399,37046098,9002,2022-07-23T04:41:02+00:00,2022-07-23T04:41:02+00:00,media,animal,,Endothenia hebesana,,,,,,,,,0.0634765625,0.8634259259259259,0.026123046875,0.0310185185185185,,,,,,
721265,399,37046098,9002,2022-07-23T04:41:02+00:00,2022-07-23T04:41:02+00:00,media,animal,,Acleris forsskaleana,,,,,,,,,0.75537109375,0.5273148148148148,0.013671875,0.0421296296296296,,,,,,
721266,399,37046098,9002,2022-07-23T04:41:02+00:00,2022-07-23T04:41:02+00:00,media,animal,,Acleris forsskaleana,,,,,,,,,0.044677734375,0.4476851851851852,0.018310546875,0.0416666666666666,,,,,,
721267,399,37046098,9002,2022-07-23T04:41:02+00:00,2022-07-23T04:41:02+00:00,media,animal,,Acleris forsskaleana,,,,,,,,,0.70361328125,0.6921296296296297,0.023681640625,0.0416666666666666,,,,,,
721268,399,37046098,9002,2022-07-23T04:41:02+00:00,2022-07-23T04:41:02+00:00,media,animal,,Drepana arcuata,,,,,,,,,0.218017578125,0.0810185185185185,0.037353515625,0.0810185185185185,,,,,,
721269,399,37046098,9002,2022-07-23T04:41:02+00:00,2022-07-23T04:41:02+00:00,media,animal,,Acleris forsskaleana,,,,,,,,,0.88427734375,0.1625,0.018798828125,0.0402777777777777,,,,,,
721270,399,37046098,9002,2022-07-23T04:41:02+00:00,2022-07-23T04:41:02+00:00,media,animal,,Choristoneura rosaceana,,,,,,,,,0.126220703125,0.9351851851851852,0.01953125,0.0583333333333333,,,,,,
721271,399,37046098,9002,2022-07-23T04:41:02+00:00,2022-07-23T04:41:02+00:00,media,animal,,Leucoma salicis,,,,,,,,,0.098388671875,0.2356481481481481,0.05859375,0.1430555555555555,,,,,,
721272,399,37046098,9002,2022-07-23T04:41:02+00:00,2022-07-23T04:41:02+00:00,media,animal,,Acleris forsskaleana,,,,,,,,,0.3466796875,0.0763888888888889,0.021240234375,0.036574074074074,,,,,,
721273,399,37046098,9002,2022-07-23T04:41:02+00:00,2022-07-23T04:41:02+00:00,media,animal,,Archips argyrospila,,,,,,,,,0.904296875,0.2726851851851852,0.016845703125,0.0527777777777777,,,,,,
721274,399,37046098,9002,2022-07-23T04:41:02+00:00,2022-07-23T04:41:02+00:00,media,animal,,Archips argyrospila,,,,,,,,,0.669677734375,0.5833333333333334,0.020751953125,0.0560185185185185,,,,,,
721275,399,37046098,9002,2022-07-23T04:41:02+00:00,2022-07-23T04:41:02+00:00,media,animal,,Acleris forsskaleana,,,,,,,,,0.32958984375,0.9560185185185184,0.014892578125,0.0398148148148148,,,,,,
721276,399,37046098,9002,2022-07-23T04:41:02+00:00,2022-07-23T04:41:02+00:00,media,animal,,Acleris forsskaleana,,,,,,,,,0.207763671875,0.4,0.0185546875,0.0384259259259259,,,,,,
721277,399,37046098,9002,2022-07-23T04:41:02+00:00,2022-07-23T04:41:02+00:00,media,animal,,Cenopis pettitana,,,,,,,,,0.775390625,0.8013888888888889,0.0244140625,0.0611111111111111,,,,,,
721278,399,37046098,9002,2022-07-23T04:41:02+00:00,2022-07-23T04:41:02+00:00,media,animal,,Macaria signaria,,,,,,,,,0.205322265625,0.8666666666666667,0.053955078125,0.0694444444444444,,,,,,
721279,399,37046098,9002,2022-07-23T04:41:02+00:00,2022-07-23T04:41:02+00:00,media,animal,,Archips rosana,,,,,,,,,0.76513671875,0.6064814814814815,0.02392578125,0.049537037037037,,,,,,
721280,399,37046098,9002,2022-07-23T04:41:02+00:00,2022-07-23T04:41:02+00:00,media,animal,,Acleris forsskaleana,,,,,,,,,0.0302734375,0.5037037037037037,0.015380859375,0.0449074074074074,,,,,,
721281,399,37046098,9002,2022-07-23T04:41:02+00:00,2022-07-23T04:41:02+00:00,media,animal,,Argyrotaenia velutinana,,,,,,,,,0.73046875,0.4064814814814815,0.01806640625,0.0587962962962963,,,,,,
721282,399,37046098,9002,2022-07-23T04:41:02+00:00,2022-07-23T04:41:02+00:00,media,animal,,Choristoneura rosaceana,,,,,,,,,0.74072265625,0.2699074074074074,0.02587890625,0.0689814814814814,,,,,,
721283,399,37046098,9002,2022-07-23T04:41:02+00:00,2022-07-23T04:41:02+00:00,media,animal,,Cenopis pettitana,,,,,,,,,0.328857421875,0.2967592592592593,0.0224609375,0.0574074074074074,,,,,,
721284,399,37046098,9002,2022-07-23T04:41:02+00:00,2022-07-23T04:41:02+00:00,media,animal,,Acleris forsskaleana,,,,,,,,,0.267333984375,0.1759259259259259,0.017578125,0.0449074074074074,,,,,,
721285,399,37046098,9002,2022-07-23T04:41:02+00:00,2022-07-23T04:41:02+00:00,media,animal,,Choristoneura pinus,,,,,,,,,0.530517578125,0.1907407407407407,0.0263671875,0.0319444444444444,,,,,,
721286,399,37046098,9002,2022-07-23T04:41:02+00:00,2022-07-23T04:41:02+00:00,media,animal,,Choristoneura fumiferana,,,,,,,,,0.2958984375,0.3263888888888889,0.02783203125,0.0671296296296296,,,,,,
721287,399,37046098,9002,2022-07-23T04:41:02+00:00,2022-07-23T04:41:02+00:00,media,animal,,Archips argyrospila,,,,,,,,,0.094970703125,0.4981481481481482,0.015380859375,0.0532407407407407,,,,,,
721288,399,37046098,9002,2022-07-23T04:41:02+00:00,2022-07-23T04:41:02+00:00,media,animal,,Acleris forsskaleana,,,,,,,,,0.71875,0.1944444444444444,0.014892578125,0.0412037037037037,,,,,,
721289,399,37046098,9002,2022-07-23T04:41:02+00:00,2022-07-23T04:41:02+00:00,media,animal,,Catocala minuta,,,,,,,,,0.8955078125,0.0407407407407407,0.017578125,0.0625,,,,,,
721290,399,37046098,9002,2022-07-23T04:41:02+00:00,2022-07-23T04:41:02+00:00,media,animal,,Acleris forsskaleana,,,,,,,,,0.297119140625,0.6856481481481481,0.01708984375,0.0393518518518518,,,,,,
721291,399,37046098,9002,2022-07-23T04:41:02+00:00,2022-07-23T04:41:02+00:00,media,animal,,Archips argyrospila,,,,,,,,,0.802001953125,0.3476851851851852,0.016357421875,0.0564814814814814,,,,,,
721292,399,37046098,9002,2022-07-23T04:41:02+00:00,2022-07-23T04:41:02+00:00,media,animal,,Acleris forsskaleana,,,,,,,,,0.288818359375,0.2916666666666667,0.016357421875,0.0435185185185185,,,,,,
721293,399,37046098,9002,2022-07-23T04:41:02+00:00,2022-07-23T04:41:02+00:00,media,animal,,Argyrotaenia quadrifasciana,,,,,,,,,0.95849609375,0.187037037037037,0.018798828125,0.0601851851851851,,,,,,
721294,399,37046098,9002,2022-07-23T04:41:02+00:00,2022-07-23T04:41:02+00:00,media,animal,,Acleris forsskaleana,,,,,,,,,0.14013671875,0.1736111111111111,0.01611328125,0.0444444444444444,,,,,,
721295,399,37046098,9002,2022-07-23T04:41:02+00:00,2022-07-23T04:41:02+00:00,media,animal,,Acleris forsskaleana,,,,,,,,,0.25830078125,0.2671296296296296,0.01416015625,0.0430555555555555,,,,,,
721296,399,37046098,9002,2022-07-23T04:41:02+00:00,2022-07-23T04:41:02+00:00,media,animal,,Cenopis reticulatana,,,,,,,,,0.0361328125,0.1171296296296296,0.02099609375,0.062037037037037,,,,,,
721297,399,37046098,9002,2022-07-23T04:41:02+00:00,2022-07-23T04:41:02+00:00,media,animal,,Acleris forsskaleana,,,,,,,,,0.017333984375,0.7712962962962963,0.015625,0.0398148148148148,,,,,,
721298,399,37046098,9002,2022-07-23T04:41:02+00:00,2022-07-23T04:41:02+00:00,media,animal,,Acleris forsskaleana,,,,,,,,,0.046875,0.2652777777777778,0.01416015625,0.0412037037037037,,,,,,
721299,399,37046098,9002,2022-07-23T04:41:02+00:00,2022-07-23T04:41:02+00:00,media,animal,,Choristoneura rosaceana,,,,,,,,,0.5400390625,0.2273148148148148,0.01806640625,0.0652777777777777,,,,,,
721300,399,37046098,9002,2022-07-23T04:41:02+00:00,2022-07-23T04:41:02+00:00,media,animal,,Archips argyrospila,,,,,,,,,0.95947265625,0.874537037037037,0.015625,0.0527777777777777,,,,,,
721301,399,37046098,9002,2022-07-23T04:41:02+00:00,2022-07-23T04:41:02+00:00,media,animal,,Acleris forsskaleana,,,,,,,,,0.873291015625,0.4800925925925925,0.01416015625,0.0435185185185185,,,,,,
721302,399,37046098,9002,2022-07-23T04:41:02+00:00,2022-07-23T04:41:02+00:00,media,animal,,Aethes biscana,,,,,,,,,0.31982421875,0.0,0.022216796875,0.0532407407407407,,,,,,
721303,399,37046098,9002,2022-07-23T04:41:02+00:00,2022-07-23T04:41:02+00:00,media,animal,,Acleris forsskaleana,,,,,,,,,0.12060546875,0.5032407407407408,0.01953125,0.0430555555555555,,,,,,
721304,399,37046098,9002,2022-07-23T04:41:02+00:00,2022-07-23T04:41:02+00:00,media,animal,,Acleris forsskaleana,,,,,,,,,0.21337890625,0.7962962962962963,0.0263671875,0.0296296296296296,,,,,,
721305,399,37046098,9002,2022-07-23T04:41:02+00:00,2022-07-23T04:41:02+00:00,media,animal,,Acleris forsskaleana,,,,,,,,,0.1640625,0.3912037037037037,0.013916015625,0.0412037037037037,,,,,,
721306,399,37046098,9002,2022-07-23T04:41:02+00:00,2022-07-23T04:41:02+00:00,media,animal,,Choristoneura fumiferana,,,,,,,,,0.727294921875,0.1083333333333333,0.021240234375,0.0648148148148148,,,,,,
721307,399,37046098,9002,2022-07-23T04:41:02+00:00,2022-07-23T04:41:02+00:00,media,animal,,Archips argyrospila,,,,,,,,,0.6865234375,0.1986111111111111,0.01708984375,0.0587962962962963,,,,,,
721308,399,37046098,9002,2022-07-23T04:41:02+00:00,2022-07-23T04:41:02+00:00,media,animal,,Acleris forsskaleana,,,,,,,,,0.93359375,0.099537037037037,0.013671875,0.0393518518518518,,,,,,
721309,399,37046098,9002,2022-07-23T04:41:02+00:00,2022-07-23T04:41:02+00:00,media,animal,,Acleris forsskaleana,,,,,,,,,0.068603515625,0.6393518518518518,0.0146484375,0.0449074074074074,,,,,,
721310,399,37046098,9002,2022-07-23T04:41:02+00:00,2022-07-23T04:41:02+00:00,media,animal,,Argyrotaenia quadrifasciana,,,,,,,,,0.56689453125,0.7625,0.018798828125,0.0606481481481481,,,,,,
721311,399,37046098,9002,2022-07-23T04:41:02+00:00,2022-07-23T04:41:02+00:00,media,animal,,Acleris forsskaleana,,,,,,,,,0.69189453125,0.4800925925925925,0.01611328125,0.0388888888888888,,,,,,
721312,399,37046098,9002,2022-07-23T04:41:02+00:00,2022-07-23T04:41:02+00:00,media,animal,,Acleris variana,,,,,,,,,0.5087890625,0.0925925925925925,0.023681640625,0.0652777777777777,,,,,,
721313,399,37046098,9002,2022-07-23T04:41:02+00:00,2022-07-23T04:41:02+00:00,media,animal,,Acleris forsskaleana,,,,,,,,,0.844970703125,0.199074074074074,0.01708984375,0.0407407407407407,,,,,,
721314,399,37046098,9002,2022-07-23T04:41:02+00:00,2022-07-23T04:41:02+00:00,media,animal,,Acleris forsskaleana,,,,,,,,,0.47314453125,0.2425925925925925,0.01806640625,0.0421296296296296,,,,,,
721315,399,37046098,9002,2022-07-23T04:41:02+00:00,2022-07-23T04:41:02+00:00,media,animal,,Leucoma salicis,,,,,,,,,0.00634765625,0.6203703703703703,0.038818359375,0.1199074074074074,,,,,,
721316,399,37046098,9002,2022-07-23T04:41:02+00:00,2022-07-23T04:41:02+00:00,media,animal,,Acleris forsskaleana,,,,,,,,,0.12939453125,0.4648148148148148,0.028076171875,0.0337962962962962,,,,,,
721317,399,37046098,9002,2022-07-23T04:41:02+00:00,2022-07-23T04:41:02+00:00,media,animal,,Choristoneura fumiferana,,,,,,,,,0.9521484375,0.3722222222222222,0.027099609375,0.0736111111111111,,,,,,
721318,399,37046098,9002,2022-07-23T04:41:02+00:00,2022-07-23T04:41:02+00:00,media,animal,,Acleris forsskaleana,,,,,,,,,0.23095703125,0.5768518518518518,0.02001953125,0.0402777777777777,,,,,,
721319,399,37046098,9002,2022-07-23T04:41:02+00:00,2022-07-23T04:41:02+00:00,media,animal,,Archips argyrospila,,,,,,,,,0.636474609375,0.5101851851851852,0.014892578125,0.0550925925925925,,,,,,
721320,399,37046098,9002,2022-07-23T04:41:02+00:00,2022-07-23T04:41:02+00:00,media,animal,,Acleris forsskaleana,,,,,,,,,0.48193359375,0.199537037037037,0.013916015625,0.0398148148148148,,,,,,
721321,399,37046098,9002,2022-07-23T04:41:02+00:00,2022-07-23T04:41:02+00:00,media,animal,,Proteoteras aesculana,,,,,,,,,0.44677734375,0.4393518518518518,0.024169921875,0.0296296296296296,,,,,,
721322,399,37046098,9002,2022-07-23T04:41:02+00:00,2022-07-23T04:41:02+00:00,media,animal,,Nomophila nearctica,,,,,,,,,0.495361328125,0.0597222222222222,0.022216796875,0.0685185185185185,,,,,,
721323,399,37046098,9002,2022-07-23T04:41:02+00:00,2022-07-23T04:41:02+00:00,media,animal,,Acleris forsskaleana,,,,,,,,,0.527099609375,0.2759259259259259,0.0126953125,0.0375,,,,,,
721324,399,37046098,9002,2022-07-23T04:41:02+00:00,2022-07-23T04:41:02+00:00,media,animal,,Gypsonoma fasciolana,,,,,,,,,0.547119140625,0.8393518518518519,0.009765625,0.0435185185185185,,,,,,
721325,399,37046098,9002,2022-07-23T04:41:02+00:00,2022-07-23T04:41:02+00:00,media,animal,,Acleris forsskaleana,,,,,,,,,0.669677734375,0.0018518518518518,0.017822265625,0.0435185185185185,,,,,,
721326,399,37046098,9002,2022-07-23T04:41:02+00:00,2022-07-23T04:41:02+00:00,media,animal,,Acleris forsskaleana,,,,,,,,,0.637451171875,0.562962962962963,0.01953125,0.0412037037037037,,,,,,
721327,399,37046098,9002,2022-07-23T04:41:02+00:00,2022-07-23T04:41:02+00:00,media,animal,,Acleris forsskaleana,,,,,,,,,0.375244140625,0.1282407407407407,0.015380859375,0.0402777777777777,,,,,,
721328,399,37046098,9002,2022-07-23T04:41:02+00:00,2022-07-23T04:41:02+00:00,media,animal,,Archips argyrospila,,,,,,,,,0.3662109375,0.0004629629629629,0.017578125,0.0337962962962962,,,,,,
721329,399,37046098,9002,2022-07-23T04:41:02+00:00,2022-07-23T04:41:02+00:00,media,animal,,Choristoneura fumiferana,,,,,,,,,0.91259765625,0.8245370370370371,0.0185546875,0.0634259259259259,,,,,,
721330,399,37046098,9002,2022-07-23T04:41:02+00:00,2022-07-23T04:41:02+00:00,media,animal,,Acleris forsskaleana,,,,,,,,,0.3203125,0.0467592592592592,0.016357421875,0.0481481481481481,,,,,,
721331,399,37046098,9002,2022-07-23T04:41:02+00:00,2022-07-23T04:41:02+00:00,media,animal,,Acleris forsskaleana,,,,,,,,,0.04443359375,0.5912037037037037,0.0244140625,0.0550925925925925,,,,,,
721332,399,37046098,9002,2022-07-23T04:41:02+00:00,2022-07-23T04:41:02+00:00,media,animal,,Archips argyrospila,,,,,,,,,0.5478515625,0.7606481481481482,0.013427734375,0.0523148148148148,,,,,,
721333,399,37046098,9002,2022-07-23T04:41:02+00:00,2022-07-23T04:41:02+00:00,media,animal,,Platynota idaeusalis,,,,,,,,,0.703125,0.0300925925925925,0.020751953125,0.0527777777777777,,,,,,
721334,399,37046098,9002,2022-07-23T04:41:02+00:00,2022-07-23T04:41:02+00:00,media,animal,,Acleris forsskaleana,,,,,,,,,0.931396484375,0.3888888888888889,0.017333984375,0.0425925925925925,,,,,,
721335,399,37046098,9002,2022-07-23T04:41:02+00:00,2022-07-23T04:41:02+00:00,media,animal,,Acleris forsskaleana,,,,,,,,,0.18994140625,0.1888888888888888,0.01806640625,0.0384259259259259,,,,,,
721336,399,37046098,9002,2022-07-23T04:41:02+00:00,2022-07-23T04:41:02+00:00,media,animal,,Acleris forsskaleana,,,,,,,,,0.71923828125,0.087037037037037,0.0166015625,0.0430555555555555,,,,,,
721337,399,37046098,9002,2022-07-23T04:41:02+00:00,2022-07-23T04:41:02+00:00,media,animal,,Acleris forsskaleana,,,,,,,,,0.43603515625,0.1893518518518518,0.014892578125,0.0388888888888888,,,,,,
721338,399,37046098,9002,2022-07-23T04:41:02+00:00,2022-07-23T04:41:02+00:00,media,animal,,Neurobathra strigifinitella,,,,,,,,,0.673095703125,0.4851851851851851,0.01513671875,0.0569444444444444,,,,,,
721339,399,37046098,9002,2022-07-23T04:41:02+00:00,2022-07-23T04:41:02+00:00,media,animal,,Notocelia rosaecolana,,,,,,,,,0.377685546875,0.5421296296296296,0.01025390625,0.0384259259259259,,,,,,
721340,399,37046098,9002,2022-07-23T04:41:02+00:00,2022-07-23T04:41:02+00:00,media,animal,,Acleris forsskaleana,,,,,,,,,0.74951171875,0.0,0.0146484375,0.0375,,,,,,
721341,399,37046098,9002,2022-07-23T04:41:02+00:00,2022-07-23T04:41:02+00:00,media,animal,,Acleris forsskaleana,,,,,,,,,0.96044921875,0.0342592592592592,0.018310546875,0.0337962962962962,,,,,,
721342,399,37046098,9002,2022-07-23T04:41:02+00:00,2022-07-23T04:41:02+00:00,media,animal,,Archips argyrospila,,,,,,,,,0.958984375,0.1282407407407407,0.017333984375,0.0662037037037037,,,,,,
721343,399,37046098,9002,2022-07-23T04:41:02+00:00,2022-07-23T04:41:02+00:00,media,animal,,Acleris forsskaleana,,,,,,,,,0.641357421875,0.1162037037037037,0.0166015625,0.0467592592592592,,,,,,
721344,399,37046098,9002,2022-07-23T04:41:02+00:00,2022-07-23T04:41:02+00:00,media,animal,,Acleris forsskaleana,,,,,,,,,0.035400390625,0.1958333333333333,0.017822265625,0.0467592592592592,,,,,,
721345,399,37046098,9002,2022-07-23T04:41:02+00:00,2022-07-23T04:41:02+00:00,media,animal,,Aethes argentilimitana,,,,,,,,,0.781494140625,0.2555555555555555,0.01220703125,0.05,,,,,,
721346,399,37046098,9002,2022-07-23T04:41:02+00:00,2022-07-23T04:41:02+00:00,media,animal,,Acleris forsskaleana,,,,,,,,,0.76171875,0.2537037037037037,0.016845703125,0.0453703703703703,,,,,,
721347,399,37046098,9002,2022-07-23T04:41:02+00:00,2022-07-23T04:41:02+00:00,media,animal,,Platynota flavedana,,,,,,,,,0.76708984375,0.0,0.020751953125,0.0310185185185185,,,,,,
721348,399,37046098,9002,2022-07-23T04:41:02+00:00,2022-07-23T04:41:02+00:00,media,animal,,Acleris forsskaleana,,,,,,,,,0.00048828125,0.0032407407407407,0.0224609375,0.0398148148148148,,,,,,
721349,399,37046098,9002,2022-07-23T04:41:02+00:00,2022-07-23T04:41:02+00:00,media,animal,,Acleris forsskaleana,,,,,,,,,0.275390625,0.5101851851851852,0.015380859375,0.0435185185185185,,,,,,
721350,399,37046098,9002,2022-07-23T04:41:02+00:00,2022-07-23T04:41:02+00:00,media,animal,,Acleris forsskaleana,,,,,,,,,0.978759765625,0.0967592592592592,0.014404296875,0.0421296296296296,,,,,,
721351,399,37046098,9002,2022-07-23T04:41:02+00:00,2022-07-23T04:41:02+00:00,media,animal,,Notocelia rosaecolana,,,,,,,,,0.526611328125,0.3666666666666666,0.010009765625,0.0435185185185185,,,,,,
721352,399,37046098,9002,2022-07-23T04:41:02+00:00,2022-07-23T04:41:02+00:00,media,animal,,Olethreutes schulziana,,,,,,,,,0.4423828125,0.939351851851852,0.012451171875,0.0587962962962963,,,,,,
721353,399,37046098,9002,2022-07-23T04:41:02+00:00,2022-07-23T04:41:02+00:00,media,animal,,Pelochrista matutina,,,,,,,,,0.072021484375,0.2787037037037037,0.009521484375,0.0384259259259259,,,,,,
721354,399,37046098,9002,2022-07-23T04:41:02+00:00,2022-07-23T04:41:02+00:00,media,animal,,Archips argyrospila,,,,,,,,,0.19580078125,0.2106481481481481,0.018798828125,0.0587962962962963,,,,,,
721355,399,37046098,9002,2022-07-23T04:41:02+00:00,2022-07-23T04:41:02+00:00,media,animal,,Acleris forsskaleana,,,,,,,,,0.600341796875,0.0,0.017822265625,0.0287037037037037,,,,,,
721356,399,37046098,9002,2022-07-23T04:41:02+00:00,2022-07-23T04:41:02+00:00,media,animal,,Archips strianus,,,,,,,,,0.418212890625,0.4601851851851852,0.012939453125,0.0439814814814814,,,,,,
721357,399,37046098,9002,2022-07-23T04:41:02+00:00,2022-07-23T04:41:02+00:00,media,animal,,Acleris forsskaleana,,,,,,,,,0.34033203125,0.5,0.018798828125,0.0412037037037037,,,,,,
721358,399,37046098,9002,2022-07-23T04:41:02+00:00,2022-07-23T04:41:02+00:00,media,animal,,Exoteleia dodecella,,,,,,,,,0.274658203125,0.9518518518518518,0.013671875,0.0277777777777777,,,,,,
721359,399,37046098,9002,2022-07-23T04:41:02+00:00,2022-07-23T04:41:02+00:00,media,animal,,Acleris forsskaleana,,,,,,,,,0.114990234375,0.0902777777777777,0.01904296875,0.0342592592592592,,,,,,
721360,399,37046098,9002,2022-07-23T04:41:02+00:00,2022-07-23T04:41:02+00:00,media,animal,,Sonia constrictana,,,,,,,,,0.620361328125,0.0412037037037037,0.00927734375,0.0379629629629629,,,,,,
721361,399,37046098,9002,2022-07-23T04:41:02+00:00,2022-07-23T04:41:02+00:00,media,animal,,Acleris forsskaleana,,,,,,,,,0.828857421875,0.2824074074074074,0.015625,0.0435185185185185,,,,,,
721362,399,37046098,9002,2022-07-23T04:41:02+00:00,2022-07-23T04:41:02+00:00,media,animal,,Acleris forsskaleana,,,,,,,,,0.839111328125,0.2587962962962963,0.0166015625,0.0439814814814814,,,,,,
721363,399,37046098,9002,2022-07-23T04:41:02+00:00,2022-07-23T04:41:02+00:00,media,animal,,Acleris forsskaleana,,,,,,,,,0.84814453125,0.137037037037037,0.017578125,0.0430555555555555,,,,,,
721364,399,37046098,9002,2022-07-23T04:41:02+00:00,2022-07-23T04:41:02+00:00,media,animal,,Acleris forsskaleana,,,,,,,,,0.654541015625,0.0958333333333333,0.020263671875,0.0384259259259259,,,,,,
721365,399,37046098,9002,2022-07-23T04:41:02+00:00,2022-07-23T04:41:02+00:00,media,animal,,Amydria effrentella,,,,,,,,,0.4091796875,0.95,0.013427734375,0.05,,,,,,
721366,399,37046098,9002,2022-07-23T04:41:02+00:00,2022-07-23T04:41:02+00:00,media,animal,,Sonia constrictana,,,,,,,,,0.832763671875,0.0300925925925925,0.0126953125,0.0398148148148148,,,,,,
721367,399,37046098,9002,2022-07-23T04:41:02+00:00,2022-07-23T04:41:02+00:00,media,animal,,Acleris forsskaleana,,,,,,,,,0.026123046875,0.0787037037037037,0.01416015625,0.0425925925925925,,,,,,
721368,399,37046098,9002,2022-07-23T04:41:02+00:00,2022-07-23T04:41:02+00:00,media,animal,,Acleris forsskaleana,,,,,,,,,0.409423828125,0.0925925925925925,0.01513671875,0.049537037037037,,,,,,
721369,399,37046098,9002,2022-07-23T04:41:02+00:00,2022-07-23T04:41:02+00:00,media,animal,,Acleris forsskaleana,,,,,,,,,0.39990234375,0.075,0.01513671875,0.0421296296296296,,,,,,
721370,399,37046098,9002,2022-07-23T04:41:02+00:00,2022-07-23T04:41:02+00:00,media,animal,,Agonopterix pulvipennella,,,,,,,,,0.9248046875,0.6865740740740741,0.0087890625,0.0347222222222222,,,,,,
721371,399,37046098,9002,2022-07-23T04:41:02+00:00,2022-07-23T04:41:02+00:00,media,animal,,Acleris forsskaleana,,,,,,,,,0.957275390625,0.4407407407407407,0.020751953125,0.0425925925925925,,,,,,
721372,399,37046098,9002,2022-07-23T04:41:02+00:00,2022-07-23T04:41:02+00:00,media,animal,,Choristoneura fumiferana,,,,,,,,,0.65380859375,0.1819444444444444,0.022705078125,0.0828703703703703,,,,,,
721373,399,37046098,9002,2022-07-23T04:41:02+00:00,2022-07-23T04:41:02+00:00,media,animal,,Cenopis pettitana,,,,,,,,,0.991455078125,0.8731481481481481,0.00830078125,0.0537037037037037,,,,,,
721374,399,37046098,9002,2022-07-23T04:41:02+00:00,2022-07-23T04:41:02+00:00,media,animal,,Acleris forsskaleana,,,,,,,,,0.205810546875,0.3106481481481482,0.021484375,0.0412037037037037,,,,,,
721375,399,37046098,9002,2022-07-23T04:41:02+00:00,2022-07-23T04:41:02+00:00,media,animal,,Acleris forsskaleana,,,,,,,,,0.160400390625,0.0,0.01611328125,0.0199074074074074,,,,,,
721376,399,37046098,9002,2022-07-23T04:41:02+00:00,2022-07-23T04:41:02+00:00,media,animal,,Chionodes discoocellella,,,,,,,,,0.4833984375,0.1611111111111111,0.00732421875,0.0300925925925925,,,,,,
721377,399,37046098,9002,2022-07-23T04:41:02+00:00,2022-07-23T04:41:02+00:00,media,animal,,Amorbia humerosana,,,,,,,,,0.5517578125,0.0,0.016845703125,0.0157407407407407,,,,,,
721378,399,37046098,9002,2022-07-23T04:41:02+00:00,2022-07-23T04:41:02+00:00,media,animal,,Acleris forsskaleana,,,,,,,,,0.194091796875,0.3069444444444444,0.02392578125,0.0407407407407407,,,,,,
721379,399,37046098,9002,2022-07-23T04:41:02+00:00,2022-07-23T04:41:02+00:00,media,animal,,Hedya separatana,,,,,,,,,0.94677734375,0.4851851851851851,0.035888671875,0.0356481481481481,,,,,,
721380,399,37046098,9002,2022-07-23T04:41:02+00:00,2022-07-23T04:41:02+00:00,media,animal,,Pelochrista matutina,,,,,,,,,0.2880859375,0.5976851851851852,0.0068359375,0.0347222222222222,,,,,,
721381,399,37046098,9002,2022-07-23T04:41:02+00:00,2022-07-23T04:41:02+00:00,media,animal,,Hedya ochroleucana,,,,,,,,,0.945556640625,0.4615740740740741,0.021484375,0.0537037037037037,,,,,,
721382,399,37046098,9002,2022-07-23T04:41:02+00:00,2022-07-23T04:41:02+00:00,media,animal,,Dyseriocrania griseocapitella,,,,,,,,,0.657470703125,0.2537037037037037,0.014404296875,0.0486111111111111,,,,,,
721383,399,37046098,9002,2022-07-23T04:41:02+00:00,2022-07-23T04:41:02+00:00,media,animal,,Acleris forsskaleana,,,,,,,,,0.816162109375,0.0310185185185185,0.0146484375,0.0435185185185185,,,,,,
722639,400,36281609,8879,2022-07-31T22:49:57+00:00,2022-07-31T22:49:57+00:00,media,animal,,Not Lepidoptera,,,,,,,,,0.548095703125,0.5509259259259259,0.01123046875,0.0375,,,,,,
722640,400,36281609,8879,2022-07-31T22:49:57+00:00,2022-07-31T22:49:57+00:00,media,animal,,Not Lepidoptera,,,,,,,,,0.2041015625,0.4694444444444444,0.0146484375,0.0314814814814814,,,,,,
722641,400,36281609,8879,2022-07-31T22:49:57+00:00,2022-07-31T22:49:57+00:00,media,animal,,Not Lepidoptera,,,,,,,,,0.055908203125,0.0,0.00927734375,0.0319444444444444,,,,,,
722642,400,36281609,8879,2022-07-31T22:49:57+00:00,2022-07-31T22:49:57+00:00,media,animal,,Not Lepidoptera,,,,,,,,,0.0,0.1069444444444444,0.012939453125,0.0287037037037037,,,,,,
722643,400,36281609,8879,2022-07-31T22:49:57+00:00,2022-07-31T22:49:57+00:00,media,animal,,Not Lepidoptera,,,,,,,,,0.333984375,0.0458333333333333,0.021484375,0.0291666666666666,,,,,,
722644,400,36281609,8879,2022-07-31T22:49:57+00:00,2022-07-31T22:49:57+00:00,media,animal,,Pandemis lamprosana,,,,,,,,,0.958251953125,0.0060185185185185,0.01708984375,0.0629629629629629,,,,,,
722645,400,36281609,8879,2022-07-31T22:49:57+00:00,2022-07-31T22:49:57+00:00,media,animal,,Archips argyrospila,,,,,,,,,0.198486328125,0.4023148148148148,0.013916015625,0.0361111111111111,,,,,,
722646,400,36281609,8879,2022-07-31T22:49:57+00:00,2022-07-31T22:49:57+00:00,media,animal,,Pandemis lamprosana,,,,,,,,,0.1552734375,0.7203703703703703,0.021484375,0.0638888888888888,,,,,,
722647,400,36281609,8879,2022-07-31T22:49:57+00:00,2022-07-31T22:49:57+00:00,media,animal,,Neurobathra strigifinitella,,,,,,,,,0.072998046875,0.1601851851851851,0.0126953125,0.0310185185185185,,,,,,
722648,400,36281609,8879,2022-07-31T22:49:57+00:00,2022-07-31T22:49:57+00:00,media,animal,,Platynota exasperatana,,,,,,,,,0.2529296875,0.7712962962962963,0.0166015625,0.0467592592592592,,,,,,
722649,400,36281609,8879,2022-07-31T22:49:57+00:00,2022-07-31T22:49:57+00:00,media,animal,,Euzophera semifuneralis,,,,,,,,,0.91015625,0.3694444444444444,0.026611328125,0.0592592592592592,,,,,,
722650,400,36281609,8879,2022-07-31T22:49:57+00:00,2022-07-31T22:49:57+00:00,media,animal,,Endothenia hebesana,,,,,,,,,0.1796875,0.7569444444444444,0.029052734375,0.0259259259259259,,,,,,
722651,400,36281609,8879,2022-07-31T22:49:57+00:00,2022-07-31T22:49:57+00:00,media,animal,,Fumibotys fumalis,,,,,,,,,0.010986328125,0.0717592592592592,0.05029296875,0.0819444444444444,,,,,,
722652,400,36281609,8879,2022-07-31T22:49:57+00:00,2022-07-31T22:49:57+00:00,media,animal,,Chrysoteuchia topiarius,,,,,,,,,0.58154296875,0.4342592592592592,0.0166015625,0.0509259259259259,,,,,,
722653,400,36281609,8879,2022-07-31T22:49:57+00:00,2022-07-31T22:49:57+00:00,media,animal,,Idia aemula,,,,,,,,,0.613525390625,0.7111111111111111,0.03515625,0.0689814814814814,,,,,,
722654,400,36281609,8879,2022-07-31T22:49:57+00:00,2022-07-31T22:49:57+00:00,media,animal,,Platynota flavedana,,,,,,,,,0.061279296875,0.7111111111111111,0.037353515625,0.0407407407407407,,,,,,
722655,400,36281609,8879,2022-07-31T22:49:57+00:00,2022-07-31T22:49:57+00:00,media,animal,,Lymantria dispar,,,,,,,,,0.62109375,0.3592592592592593,0.064697265625,0.1425925925925926,,,,,,
722656,400,36281609,8879,2022-07-31T22:49:57+00:00,2022-07-31T22:49:57+00:00,media,animal,,Endothenia hebesana,,,,,,,,,0.495361328125,0.9310185185185184,0.02294921875,0.0435185185185185,,,,,,
722657,400,36281609,8879,2022-07-31T22:49:57+00:00,2022-07-31T22:49:57+00:00,media,animal,,Hedya separatana,,,,,,,,,0.56298828125,0.3731481481481482,0.01220703125,0.0449074074074074,,,,,,
722658,400,36281609,8879,2022-07-31T22:49:57+00:00,2022-07-31T22:49:57+00:00,media,animal,,Eudonia heterosalis,,,,,,,,,0.664306640625,0.5523148148148148,0.02197265625,0.0393518518518518,,,,,,
722659,400,36281609,8879,2022-07-31T22:49:57+00:00,2022-07-31T22:49:57+00:00,media,animal,,Proteoteras moffatiana,,,,,,,,,0.380126953125,0.1032407407407407,0.01318359375,0.0509259259259259,,,,,,
722660,400,36281609,8879,2022-07-31T22:49:57+00:00,2022-07-31T22:49:57+00:00,media,animal,,Proteoteras moffatiana,,,,,,,,,0.84765625,0.1875,0.012451171875,0.0462962962962962,,,,,,
722661,400,36281609,8879,2022-07-31T22:49:57+00:00,2022-07-31T22:49:57+00:00,media,animal,,Idia aemula,,,,,,,,,0.855712890625,0.625462962962963,0.05322265625,0.0925925925925925,,,,,,
722927,400,36282418,8879,2022-07-31T23:40:03+00:00,2022-07-31T23:40:03+00:00,media,animal,,Not Lepidoptera,,,,,,,,,0.536865234375,0.3421296296296296,0.007568359375,0.0328703703703703,,,,,,
722928,400,36282418,8879,2022-07-31T23:40:03+00:00,2022-07-31T23:40:03+00:00,media,animal,,Not Lepidoptera,,,,,,,,,0.305908203125,0.1925925925925926,0.041748046875,0.0722222222222222,,,,,,
722929,400,36282418,8879,2022-07-31T23:40:03+00:00,2022-07-31T23:40:03+00:00,media,animal,,Not Lepidoptera,,,,,,,,,0.848876953125,0.3962962962962963,0.013916015625,0.0287037037037037,,,,,,
722930,400,36282418,8879,2022-07-31T23:40:03+00:00,2022-07-31T23:40:03+00:00,media,animal,,Not Lepidoptera,,,,,,,,,0.0,0.4263888888888889,0.00830078125,0.036574074074074,,,,,,
722931,400,36282418,8879,2022-07-31T23:40:03+00:00,2022-07-31T23:40:03+00:00,media,animal,,Not Lepidoptera,,,,,,,,,0.26220703125,0.4060185185185185,0.012939453125,0.0393518518518518,,,,,,
722932,400,36282418,8879,2022-07-31T23:40:03+00:00,2022-07-31T23:40:03+00:00,media,animal,,Not Lepidoptera,,,,,,,,,0.913818359375,0.4976851851851852,0.0078125,0.0379629629629629,,,,,,
722933,400,36282418,8879,2022-07-31T23:40:03+00:00,2022-07-31T23:40:03+00:00,media,animal,,Not Lepidoptera,,,,,,,,,0.615478515625,0.0199074074074074,0.0126953125,0.0384259259259259,,,,,,
722934,400,36282418,8879,2022-07-31T23:40:03+00:00,2022-07-31T23:40:03+00:00,media,animal,,Apotomis capreana,,,,,,,,,0.751953125,0.6648148148148149,0.0185546875,0.0513888888888888,,,,,,
722935,400,36282418,8879,2022-07-31T23:40:03+00:00,2022-07-31T23:40:03+00:00,media,animal,,Pandemis lamprosana,,,,,,,,,0.21630859375,0.8555555555555555,0.021484375,0.0606481481481481,,,,,,
722936,400,36282418,8879,2022-07-31T23:40:03+00:00,2022-07-31T23:40:03+00:00,media,animal,,Panthea acronyctoides,,,,,,,,,0.553955078125,0.0,0.015869140625,0.0236111111111111,,,,,,
722937,400,36282418,8879,2022-07-31T23:40:03+00:00,2022-07-31T23:40:03+00:00,media,animal,,Lymantria dispar,,,,,,,,,0.6220703125,0.3574074074074074,0.071044921875,0.1518518518518518,,,,,,
722938,400,36282418,8879,2022-07-31T23:40:03+00:00,2022-07-31T23:40:03+00:00,media,animal,,Macaria pustularia,,,,,,,,,0.0634765625,0.7435185185185185,0.060546875,0.086574074074074,,,,,,
722939,400,36282418,8879,2022-07-31T23:40:03+00:00,2022-07-31T23:40:03+00:00,media,animal,,Eudonia strigalis,,,,,,,,,0.433349609375,0.1898148148148148,0.015380859375,0.049537037037037,,,,,,
722940,400,36282418,8879,2022-07-31T23:40:03+00:00,2022-07-31T23:40:03+00:00,media,animal,,Platynota idaeusalis,,,,,,,,,0.5068359375,0.4861111111111111,0.015625,0.0458333333333333,,,,,,
722941,400,36282418,8879,2022-07-31T23:40:03+00:00,2022-07-31T23:40:03+00:00,media,animal,,Episimus argutana,,,,,,,,,0.81787109375,0.2388888888888889,0.015625,0.0648148148148148,,,,,,
722942,400,36282418,8879,2022-07-31T23:40:03+00:00,2022-07-31T23:40:03+00:00,media,animal,,Proteoteras moffatiana,,,,,,,,,0.645751953125,0.1421296296296296,0.013916015625,0.0513888888888888,,,,,,
722943,400,36282418,8879,2022-07-31T23:40:03+00:00,2022-07-31T23:40:03+00:00,media,animal,,Nemoria bistriaria,,,,,,,,,0.153564453125,0.5518518518518518,0.060546875,0.0587962962962963,,,,,,
722944,400,36282418,8879,2022-07-31T23:40:03+00:00,2022-07-31T23:40:03+00:00,media,animal,,Herpetogramma pertextalis,,,,,,,,,0.935302734375,0.5518518518518518,0.064453125,0.1013888888888888,,,,,,
722945,400,36282418,8879,2022-07-31T23:40:03+00:00,2022-07-31T23:40:03+00:00,media,animal,,Platynota flavedana,,,,,,,,,0.35693359375,0.3625,0.025390625,0.0587962962962963,,,,,,
722946,400,36282418,8879,2022-07-31T23:40:03+00:00,2022-07-31T23:40:03+00:00,media,animal,,Platynota idaeusalis,,,,,,,,,0.1162109375,0.937962962962963,0.01416015625,0.0458333333333333,,,,,,
722947,400,36282418,8879,2022-07-31T23:40:03+00:00,2022-07-31T23:40:03+00:00,media,animal,,Barbara mappana,,,,,,,,,0.388427734375,0.224074074074074,0.01025390625,0.0587962962962963,,,,,,
722948,400,36282418,8879,2022-07-31T23:40:03+00:00,2022-07-31T23:40:03+00:00,media,animal,,Platynota exasperatana,,,,,,,,,0.9150390625,0.0171296296296296,0.021240234375,0.0342592592592592,,,,,,
722949,400,36282418,8879,2022-07-31T23:40:03+00:00,2022-07-31T23:40:03+00:00,media,animal,,Crambus saltuellus,,,,,,,,,0.247802734375,0.8453703703703703,0.012451171875,0.0666666666666666,,,,,,
722950,400,36282418,8879,2022-07-31T23:40:03+00:00,2022-07-31T23:40:03+00:00,media,animal,,Endothenia hebesana,,,,,,,,,0.204833984375,0.8027777777777778,0.011962890625,0.0509259259259259,,,,,,
722951,400,36282418,8879,2022-07-31T23:40:03+00:00,2022-07-31T23:40:03+00:00,media,animal,,Aethes biscana,,,,,,,,,0.406005859375,0.0060185185185185,0.01904296875,0.0694444444444444,,,,,,
722952,400,36282418,8879,2022-07-31T23:40:03+00:00,2022-07-31T23:40:03+00:00,media,animal,,Choristoneura pinus,,,,,,,,,0.6435546875,0.5175925925925926,0.017333984375,0.0546296296296296,,,,,,
722953,400,36282418,8879,2022-07-31T23:40:03+00:00,2022-07-31T23:40:03+00:00,media,animal,,Endothenia hebesana,,,,,,,,,0.48291015625,0.1587962962962963,0.020263671875,0.049074074074074,,,,,,
722954,400,36282418,8879,2022-07-31T23:40:03+00:00,2022-07-31T23:40:03+00:00,media,animal,,Platynota idaeusalis,,,,,,,,,0.124755859375,0.2592592592592592,0.015869140625,0.05,,,,,,
722955,400,36282418,8879,2022-07-31T23:40:03+00:00,2022-07-31T23:40:03+00:00,media,animal,,Pseudeustrotia carneola,,,,,,,,,0.037841796875,0.2097222222222222,0.0341796875,0.0546296296296296,,,,,,
722956,400,36282418,8879,2022-07-31T23:40:03+00:00,2022-07-31T23:40:03+00:00,media,animal,,Pyla fusca,,,,,,,,,0.554443359375,0.6138888888888889,0.017578125,0.05,,,,,,
722957,400,36282418,8879,2022-07-31T23:40:03+00:00,2022-07-31T23:40:03+00:00,media,animal,,Pandemis limitata,,,,,,,,,0.675537109375,0.2430555555555555,0.019775390625,0.0675925925925925,,,,,,
722958,400,36282418,8879,2022-07-31T23:40:03+00:00,2022-07-31T23:40:03+00:00,media,animal,,Olethreutes nigranum,,,,,,,,,0.8525390625,0.5467592592592593,0.041748046875,0.0731481481481481,,,,,,
722959,400,36282418,8879,2022-07-31T23:40:03+00:00,2022-07-31T23:40:03+00:00,media,animal,,Hedya separatana,,,,,,,,,0.440673828125,0.2925925925925925,0.0107421875,0.0425925925925925,,,,,,
722960,400,36282418,8879,2022-07-31T23:40:03+00:00,2022-07-31T23:40:03+00:00,media,animal,,Petrophila canadensis,,,,,,,,,0.36181640625,0.1648148148148148,0.009765625,0.0319444444444444,,,,,,
722961,400,36282418,8879,2022-07-31T23:40:03+00:00,2022-07-31T23:40:03+00:00,media,animal,,Eudonia strigalis,,,,,,,,,0.68310546875,0.4291666666666666,0.01806640625,0.0444444444444444,,,,,,
724057,400,36300371,8882,2022-08-04T02:38:16+00:00,2022-08-04T02:38:16+00:00,media,animal,,Not Lepidoptera,,,,,,,,,0.4111328125,0.6337962962962963,0.0439453125,0.0768518518518518,,,,,,
724058,400,36300371,8882,2022-08-04T02:38:16+00:00,2022-08-04T02:38:16+00:00,media,animal,,Not Lepidoptera,,,,,,,,,0.861083984375,0.1675925925925926,0.02978515625,0.0912037037037037,,,,,,
724059,400,36300371,8882,2022-08-04T02:38:16+00:00,2022-08-04T02:38:16+00:00,media,animal,,Microcrambus elegans,,,,,,,,,0.66943359375,0.2625,0.01220703125,0.0509259259259259,,,,,,
724060,400,36300371,8882,2022-08-04T02:38:16+00:00,2022-08-04T02:38:16+00:00,media,animal,,Lymantria dispar,,,,,,,,,0.859619140625,0.6893518518518519,0.056396484375,0.1231481481481481,,,,,,
724061,400,36300371,8882,2022-08-04T02:38:16+00:00,2022-08-04T02:38:16+00:00,media,animal,,Idia aemula,,,,,,,,,0.21337890625,0.5212962962962963,0.038818359375,0.0717592592592592,,,,,,
724062,400,36300371,8882,2022-08-04T02:38:16+00:00,2022-08-04T02:38:16+00:00,media,animal,,Idia aemula,,,,,,,,,0.442626953125,0.9097222222222222,0.028564453125,0.0523148148148148,,,,,,
724063,400,36300371,8882,2022-08-04T02:38:16+00:00,2022-08-04T02:38:16+00:00,media,animal,,Cenopis reticulatana,,,,,,,,,0.86279296875,0.4111111111111111,0.02197265625,0.0652777777777777,,,,,,
724064,400,36300371,8882,2022-08-04T02:38:16+00:00,2022-08-04T02:38:16+00:00,media,animal,,Gymnandrosoma punctidiscanum,,,,,,,,,0.343505859375,0.0,0.016845703125,0.0430555555555555,,,,,,
724065,400,36300371,8882,2022-08-04T02:38:16+00:00,2022-08-04T02:38:16+00:00,media,animal,,Peridea angulosa,,,,,,,,,0.784423828125,0.7671296296296296,0.057373046875,0.1393518518518518,,,,,,
724066,400,36300371,8882,2022-08-04T02:38:16+00:00,2022-08-04T02:38:16+00:00,media,animal,,Platynota exasperatana,,,,,,,,,0.630859375,0.5212962962962963,0.012451171875,0.0421296296296296,,,,,,
724067,400,36300371,8882,2022-08-04T02:38:16+00:00,2022-08-04T02:38:16+00:00,media,animal,,Acrobasis angusella,,,,,,,,,0.950927734375,0.6731481481481482,0.01416015625,0.0601851851851851,,,,,,
724068,400,36300371,8882,2022-08-04T02:38:16+00:00,2022-08-04T02:38:16+00:00,media,animal,,Idia aemula,,,,,,,,,0.195556640625,0.2060185185185185,0.04541015625,0.0587962962962963,,,,,,
724069,400,36300371,8882,2022-08-04T02:38:16+00:00,2022-08-04T02:38:16+00:00,media,animal,,Coleophora mayrella,,,,,,,,,0.5927734375,0.4578703703703703,0.017333984375,0.0435185185185185,,,,,,
724070,400,36300371,8882,2022-08-04T02:38:16+00:00,2022-08-04T02:38:16+00:00,media,animal,,Platynota exasperatana,,,,,,,,,0.798583984375,0.1212962962962962,0.01611328125,0.0472222222222222,,,,,,
724071,400,36300371,8882,2022-08-04T02:38:16+00:00,2022-08-04T02:38:16+00:00,media,animal,,Crambus leachellus,,,,,,,,,0.609375,0.3583333333333333,0.032958984375,0.0453703703703703,,,,,,
724072,400,36300371,8882,2022-08-04T02:38:16+00:00,2022-08-04T02:38:16+00:00,media,animal,,Choristoneura rosaceana,,,,,,,,,0.9130859375,0.5574074074074075,0.024169921875,0.0611111111111111,,,,,,
724073,400,36300371,8882,2022-08-04T02:38:16+00:00,2022-08-04T02:38:16+00:00,media,animal,,Elophila gyralis,,,,,,,,,0.78173828125,0.7097222222222223,0.03955078125,0.074537037037037,,,,,,
724074,400,36300371,8882,2022-08-04T02:38:16+00:00,2022-08-04T02:38:16+00:00,media,animal,,Clepsis clemensiana,,,,,,,,,0.17041015625,0.2055555555555555,0.0234375,0.0546296296296296,,,,,,
724075,400,36300371,8882,2022-08-04T02:38:16+00:00,2022-08-04T02:38:16+00:00,media,animal,,Acrobasis angusella,,,,,,,,,0.142578125,0.4842592592592593,0.019287109375,0.062037037037037,,,,,,
724076,400,36300371,8882,2022-08-04T02:38:16+00:00,2022-08-04T02:38:16+00:00,media,animal,,Palpita magniferalis,,,,,,,,,0.921630859375,0.4944444444444444,0.035400390625,0.075,,,,,,
724077,400,36300371,8882,2022-08-04T02:38:16+00:00,2022-08-04T02:38:16+00:00,media,animal,,Olethreutes concinnana,,,,,,,,,0.114990234375,0.3486111111111111,0.021484375,0.0629629629629629,,,,,,
724078,400,36300371,8882,2022-08-04T02:38:16+00:00,2022-08-04T02:38:16+00:00,media,animal,,Cenopis ferreana,,,,,,,,,0.29638671875,0.0282407407407407,0.015625,0.0583333333333333,,,,,,
724079,400,36300371,8882,2022-08-04T02:38:16+00:00,2022-08-04T02:38:16+00:00,media,animal,,Idaea demissaria,,,,,,,,,0.96337890625,0.7046296296296296,0.03662109375,0.1152777777777777,,,,,,
724080,400,36300371,8882,2022-08-04T02:38:16+00:00,2022-08-04T02:38:16+00:00,media,animal,,Argyrotaenia alisellana,,,,,,,,,0.615234375,0.0648148148148148,0.01123046875,0.0425925925925925,,,,,,
729372,400,36284457,8879,2022-08-01T01:40:57+00:00,2022-08-01T01:40:57+00:00,media,animal,,Not Lepidoptera,,,,,,,,,0.49853515625,0.4027777777777778,0.007568359375,0.0347222222222222,,,,,,
729373,400,36284457,8879,2022-08-01T01:40:57+00:00,2022-08-01T01:40:57+00:00,media,animal,,Coleophora mayrella,,,,,,,,,0.44873046875,0.6560185185185186,0.015380859375,0.0550925925925925,,,,,,
729374,400,36284457,8879,2022-08-01T01:40:57+00:00,2022-08-01T01:40:57+00:00,media,animal,,Olethreutes exoletum,,,,,,,,,0.788818359375,0.9111111111111112,0.01953125,0.049074074074074,,,,,,
729375,400,36284457,8879,2022-08-01T01:40:57+00:00,2022-08-01T01:40:57+00:00,media,animal,,Eupithecia miserulata,,,,,,,,,0.18603515625,0.8291666666666667,0.04248046875,0.0550925925925925,,,,,,
729376,400,36284457,8879,2022-08-01T01:40:57+00:00,2022-08-01T01:40:57+00:00,media,animal,,Thysania zenobia,,,,,,,,,0.939208984375,0.1694444444444444,0.009765625,0.0513888888888888,,,,,,
729377,400,36284457,8879,2022-08-01T01:40:57+00:00,2022-08-01T01:40:57+00:00,media,animal,,Idia aemula,,,,,,,,,0.739990234375,0.7273148148148149,0.035400390625,0.0518518518518518,,,,,,
729378,400,36284457,8879,2022-08-01T01:40:57+00:00,2022-08-01T01:40:57+00:00,media,animal,,Crambus agitatellus,,,,,,,,,0.183349609375,0.0259259259259259,0.013916015625,0.0592592592592592,,,,,,
729379,400,36284457,8879,2022-08-01T01:40:57+00:00,2022-08-01T01:40:57+00:00,media,animal,,Pandemis limitata,,,,,,,,,0.939453125,0.2875,0.02392578125,0.0671296296296296,,,,,,
729380,400,36284457,8879,2022-08-01T01:40:57+00:00,2022-08-01T01:40:57+00:00,media,animal,,Scoparia biplagialis,,,,,,,,,0.892822265625,0.937037037037037,0.019775390625,0.0532407407407407,,,,,,
729381,400,36284457,8879,2022-08-01T01:40:57+00:00,2022-08-01T01:40:57+00:00,media,animal,,Drepana arcuata,,,,,,,,,0.6357421875,0.5949074074074074,0.080322265625,0.0694444444444444,,,,,,
729382,400,36284457,8879,2022-08-01T01:40:57+00:00,2022-08-01T01:40:57+00:00,media,animal,,Crambidia pallida,,,,,,,,,0.7646484375,0.4527777777777778,0.0283203125,0.0768518518518518,,,,,,
729383,400,36284457,8879,2022-08-01T01:40:57+00:00,2022-08-01T01:40:57+00:00,media,animal,,Sonia canadana,,,,,,,,,0.81005859375,0.1944444444444444,0.012939453125,0.0222222222222222,,,,,,
729384,400,36284457,8879,2022-08-01T01:40:57+00:00,2022-08-01T01:40:57+00:00,media,animal,,Catocala ilia,,,,,,,,,0.92138671875,0.0,0.07861328125,0.1925925925925926,,,,,,
729385,400,36284457,8879,2022-08-01T01:40:57+00:00,2022-08-01T01:40:57+00:00,media,animal,,Pandemis lamprosana,,,,,,,,,0.505859375,0.374537037037037,0.019287109375,0.0504629629629629,,,,,,
729386,400,36284457,8879,2022-08-01T01:40:57+00:00,2022-08-01T01:40:57+00:00,media,animal,,Blastobasis glandulella,,,,,,,,,0.8935546875,0.8583333333333333,0.018310546875,0.0430555555555555,,,,,,
729387,400,36284457,8879,2022-08-01T01:40:57+00:00,2022-08-01T01:40:57+00:00,media,animal,,Platynota exasperatana,,,,,,,,,0.72314453125,0.4537037037037037,0.01806640625,0.049074074074074,,,,,,
729388,400,36284457,8879,2022-08-01T01:40:57+00:00,2022-08-01T01:40:57+00:00,media,animal,,Pandemis limitata,,,,,,,,,0.578125,0.9569444444444444,0.021728515625,0.0430555555555555,,,,,,
729389,400,36284457,8879,2022-08-01T01:40:57+00:00,2022-08-01T01:40:57+00:00,media,animal,,Bactra verutana,,,,,,,,,0.16259765625,0.0,0.016357421875,0.0560185185185185,,,,,,
729390,400,36284457,8879,2022-08-01T01:40:57+00:00,2022-08-01T01:40:57+00:00,media,animal,,Pandemis limitata,,,,,,,,,0.206298828125,0.8930555555555556,0.017333984375,0.0611111111111111,,,,,,
729391,400,36284457,8879,2022-08-01T01:40:57+00:00,2022-08-01T01:40:57+00:00,media,animal,,Lymantria dispar,,,,,,,,,0.663818359375,0.1388888888888889,0.07080078125,0.1643518518518518,,,,,,
729392,400,36284457,8879,2022-08-01T01:40:57+00:00,2022-08-01T01:40:57+00:00,media,animal,,Idia aemula,,,,,,,,,0.451904296875,0.1421296296296296,0.037841796875,0.0694444444444444,,,,,,
729393,400,36284457,8879,2022-08-01T01:40:57+00:00,2022-08-01T01:40:57+00:00,media,animal,,Choristoneura rosaceana,,,,,,,,,0.3896484375,0.9083333333333332,0.02099609375,0.0629629629629629,,,,,,
729394,400,36284457,8879,2022-08-01T01:40:57+00:00,2022-08-01T01:40:57+00:00,media,animal,,Phalaenostola metonalis,,,,,,,,,0.243896484375,0.8407407407407408,0.04345703125,0.0777777777777777,,,,,,
730131,399,36641661,9110,2023-07-20T00:49:28+00:00,2023-07-20T00:49:28+00:00,media,animal,,Not Lepidoptera,,,,,,,,,0.431396484375,0.6773148148148148,0.014892578125,0.0592592592592592,,,,,,
730132,399,36641661,9110,2023-07-20T00:49:28+00:00,2023-07-20T00:49:28+00:00,media,animal,,Not Lepidoptera,,,,,,,,,0.616455078125,0.4125,0.0087890625,0.0638888888888888,,,,,,
730133,399,36641661,9110,2023-07-20T00:49:28+00:00,2023-07-20T00:49:28+00:00,media,animal,,Not Lepidoptera,,,,,,,,,0.0498046875,0.976851851851852,0.01708984375,0.0231481481481481,,,,,,
730134,399,36641661,9110,2023-07-20T00:49:28+00:00,2023-07-20T00:49:28+00:00,media,animal,,Not Lepidoptera,,,,,,,,,0.78466796875,0.0,0.018798828125,0.0180555555555555,,,,,,
730135,399,36641661,9110,2023-07-20T00:49:28+00:00,2023-07-20T00:49:28+00:00,media,animal,,Not Lepidoptera,,,,,,,,,0.7119140625,0.5939814814814814,0.0068359375,0.0546296296296296,,,,,,
730136,399,36641661,9110,2023-07-20T00:49:28+00:00,2023-07-20T00:49:28+00:00,media,animal,,Not Lepidoptera,,,,,,,,,0.982421875,0.4231481481481481,0.01025390625,0.0532407407407407,,,,,,
730137,399,36641661,9110,2023-07-20T00:49:28+00:00,2023-07-20T00:49:28+00:00,media,animal,,Not Lepidoptera,,,,,,,,,0.345703125,0.8981481481481481,0.011474609375,0.0222222222222222,,,,,,
730138,399,36641661,9110,2023-07-20T00:49:28+00:00,2023-07-20T00:49:28+00:00,media,animal,,Not Lepidoptera,,,,,,,,,0.383544921875,0.7231481481481481,0.009765625,0.0425925925925925,,,,,,
730139,399,36641661,9110,2023-07-20T00:49:28+00:00,2023-07-20T00:49:28+00:00,media,animal,,Not Lepidoptera,,,,,,,,,0.57177734375,0.0671296296296296,0.008544921875,0.0611111111111111,,,,,,
730140,399,36641661,9110,2023-07-20T00:49:28+00:00,2023-07-20T00:49:28+00:00,media,animal,,Not Lepidoptera,,,,,,,,,0.977783203125,0.0291666666666666,0.021728515625,0.0814814814814814,,,,,,
730141,399,36641661,9110,2023-07-20T00:49:28+00:00,2023-07-20T00:49:28+00:00,media,animal,,Acleris forsskaleana,,,,,,,,,0.78076171875,0.0555555555555555,0.0166015625,0.0425925925925925,,,,,,
730142,399,36641661,9110,2023-07-20T00:49:28+00:00,2023-07-20T00:49:28+00:00,media,animal,,Cenopis pettitana,,,,,,,,,0.258544921875,0.5472222222222223,0.02685546875,0.0634259259259259,,,,,,
730143,399,36641661,9110,2023-07-20T00:49:28+00:00,2023-07-20T00:49:28+00:00,media,animal,,Acleris forsskaleana,,,,,,,,,0.724365234375,0.4342592592592592,0.015869140625,0.0412037037037037,,,,,,
730144,399,36641661,9110,2023-07-20T00:49:28+00:00,2023-07-20T00:49:28+00:00,media,animal,,Choristoneura rosaceana,,,,,,,,,0.40185546875,0.2722222222222222,0.017822265625,0.0583333333333333,,,,,,
730145,399,36641661,9110,2023-07-20T00:49:28+00:00,2023-07-20T00:49:28+00:00,media,animal,,Cenopis directana,,,,,,,,,0.662841796875,0.7791666666666667,0.018310546875,0.061574074074074,,,,,,
730146,399,36641661,9110,2023-07-20T00:49:28+00:00,2023-07-20T00:49:28+00:00,media,animal,,Archips cerasivorana,,,,,,,,,0.91259765625,0.3037037037037037,0.018310546875,0.062037037037037,,,,,,
730147,399,36641661,9110,2023-07-20T00:49:28+00:00,2023-07-20T00:49:28+00:00,media,animal,,Pandemis lamprosana,,,,,,,,,0.59130859375,0.0,0.016845703125,0.0444444444444444,,,,,,
730148,399,36641661,9110,2023-07-20T00:49:28+00:00,2023-07-20T00:49:28+00:00,media,animal,,Cenopis directana,,,,,,,,,0.81591796875,0.0273148148148148,0.01953125,0.0648148148148148,,,,,,
730149,399,36641661,9110,2023-07-20T00:49:28+00:00,2023-07-20T00:49:28+00:00,media,animal,,Acleris forsskaleana,,,,,,,,,0.486083984375,0.0305555555555555,0.016845703125,0.0453703703703703,,,,,,
730150,399,36641661,9110,2023-07-20T00:49:28+00:00,2023-07-20T00:49:28+00:00,media,animal,,Platynota flavedana,,,,,,,,,0.765869140625,0.099074074074074,0.019775390625,0.0634259259259259,,,,,,
730151,399,36641661,9110,2023-07-20T00:49:28+00:00,2023-07-20T00:49:28+00:00,media,animal,,Choristoneura fumiferana,,,,,,,,,0.4658203125,0.8532407407407407,0.014892578125,0.0592592592592592,,,,,,
730152,399,36641661,9110,2023-07-20T00:49:28+00:00,2023-07-20T00:49:28+00:00,media,animal,,Disclisioprocta stellata,,,,,,,,,0.702392578125,0.4703703703703704,0.03173828125,0.0444444444444444,,,,,,
730153,399,36641661,9110,2023-07-20T00:49:28+00:00,2023-07-20T00:49:28+00:00,media,animal,,Mathildana newmanella,,,,,,,,,0.47021484375,0.3393518518518518,0.018798828125,0.0462962962962962,,,,,,
730154,399,36641661,9110,2023-07-20T00:49:28+00:00,2023-07-20T00:49:28+00:00,media,animal,,Archips grisea,,,,,,,,,0.342041015625,0.2347222222222222,0.015869140625,0.0569444444444444,,,,,,
730155,399,36641661,9110,2023-07-20T00:49:28+00:00,2023-07-20T00:49:28+00:00,media,animal,,Argyrotaenia velutinana,,,,,,,,,0.693603515625,0.8421296296296297,0.019287109375,0.0629629629629629,,,,,,
730156,399,36641661,9110,2023-07-20T00:49:28+00:00,2023-07-20T00:49:28+00:00,media,animal,,Elophila obliteralis,,,,,,,,,0.7529296875,0.5861111111111111,0.037841796875,0.0550925925925925,,,,,,
730157,399,36641661,9110,2023-07-20T00:49:28+00:00,2023-07-20T00:49:28+00:00,media,animal,,Cenopis directana,,,,,,,,,0.144287109375,0.9185185185185184,0.019287109375,0.0611111111111111,,,,,,
730158,399,36641661,9110,2023-07-20T00:49:28+00:00,2023-07-20T00:49:28+00:00,media,animal,,Archips argyrospila,,,,,,,,,0.045654296875,0.5796296296296296,0.01708984375,0.0541666666666666,,,,,,
730159,399,36641661,9110,2023-07-20T00:49:28+00:00,2023-07-20T00:49:28+00:00,media,animal,,Archips argyrospila,,,,,,,,,0.066650390625,0.875,0.0146484375,0.0523148148148148,,,,,,
730160,399,36641661,9110,2023-07-20T00:49:28+00:00,2023-07-20T00:49:28+00:00,media,animal,,Choristoneura rosaceana,,,,,,,,,0.95751953125,0.5273148148148148,0.017578125,0.0629629629629629,,,,,,
730161,399,36641661,9110,2023-07-20T00:49:28+00:00,2023-07-20T00:49:28+00:00,media,animal,,Acleris forsskaleana,,,,,,,,,0.67041015625,0.3652777777777777,0.013671875,0.0439814814814814,,,,,,
730162,399,36641661,9110,2023-07-20T00:49:28+00:00,2023-07-20T00:49:28+00:00,media,animal,,Platynota flavedana,,,,,,,,,0.836181640625,0.0,0.02197265625,0.0537037037037037,,,,,,
730163,399,36641661,9110,2023-07-20T00:49:28+00:00,2023-07-20T00:49:28+00:00,media,animal,,Acleris forsskaleana,,,,,,,,,0.140869140625,0.3574074074074074,0.016845703125,0.0467592592592592,,,,,,
730164,399,36641661,9110,2023-07-20T00:49:28+00:00,2023-07-20T00:49:28+00:00,media,animal,,Choristoneura rosaceana,,,,,,,,,0.399169921875,0.6458333333333334,0.021484375,0.0574074074074074,,,,,,
730165,399,36641661,9110,2023-07-20T00:49:28+00:00,2023-07-20T00:49:28+00:00,media,animal,,Choristoneura fumiferana,,,,,,,,,0.86572265625,0.8101851851851852,0.013427734375,0.0578703703703703,,,,,,
730166,399,36641661,9110,2023-07-20T00:49:28+00:00,2023-07-20T00:49:28+00:00,media,animal,,Choristoneura rosaceana,,,,,,,,,0.0,0.0935185185185185,0.018310546875,0.0689814814814814,,,,,,
730167,399,36641661,9110,2023-07-20T00:49:28+00:00,2023-07-20T00:49:28+00:00,media,animal,,Pandemis limitata,,,,,,,,,0.423583984375,0.4087962962962962,0.015869140625,0.0532407407407407,,,,,,
730168,399,36641661,9110,2023-07-20T00:49:28+00:00,2023-07-20T00:49:28+00:00,media,animal,,Pandemis limitata,,,,,,,,,0.7412109375,0.0,0.022216796875,0.0606481481481481,,,,,,
730169,399,36641661,9110,2023-07-20T00:49:28+00:00,2023-07-20T00:49:28+00:00,media,animal,,Rhyacionia buoliana,,,,,,,,,0.343505859375,0.0,0.010498046875,0.0444444444444444,,,,,,
730170,399,36641661,9110,2023-07-20T00:49:28+00:00,2023-07-20T00:49:28+00:00,media,animal,,Choristoneura fumiferana,,,,,,,,,0.9296875,0.2703703703703703,0.018798828125,0.0763888888888889,,,,,,
730171,399,36641661,9110,2023-07-20T00:49:28+00:00,2023-07-20T00:49:28+00:00,media,animal,,Choristoneura rosaceana,,,,,,,,,0.293701171875,0.0162037037037037,0.0205078125,0.0685185185185185,,,,,,
730172,399,36641661,9110,2023-07-20T00:49:28+00:00,2023-07-20T00:49:28+00:00,media,animal,,Acleris forsskaleana,,,,,,,,,0.876708984375,0.9351851851851852,0.02001953125,0.0356481481481481,,,,,,
730173,399,36641661,9110,2023-07-20T00:49:28+00:00,2023-07-20T00:49:28+00:00,media,animal,,Semioscopis megamicrella,,,,,,,,,0.523681640625,0.0375,0.01171875,0.049074074074074,,,,,,
730174,399,36641661,9110,2023-07-20T00:49:28+00:00,2023-07-20T00:49:28+00:00,media,animal,,Aglossa costiferalis,,,,,,,,,0.103271484375,0.2833333333333333,0.03173828125,0.074537037037037,,,,,,
730175,399,36641661,9110,2023-07-20T00:49:28+00:00,2023-07-20T00:49:28+00:00,media,animal,,Sparganothis tristriata,,,,,,,,,0.46826171875,0.9648148148148148,0.017822265625,0.0351851851851851,,,,,,
730176,399,36641661,9110,2023-07-20T00:49:28+00:00,2023-07-20T00:49:28+00:00,media,animal,,Prionoxystus robiniae,,,,,,,,,0.036376953125,0.0004629629629629,0.0126953125,0.0296296296296296,,,,,,
730177,399,36641661,9110,2023-07-20T00:49:28+00:00,2023-07-20T00:49:28+00:00,media,animal,,Sparganothis distincta,,,,,,,,,0.82568359375,0.4407407407407407,0.0205078125,0.0625,,,,,,
730178,399,36641661,9110,2023-07-20T00:49:28+00:00,2023-07-20T00:49:28+00:00,media,animal,,Spilonota ocellana,,,,,,,,,0.29296875,0.2111111111111111,0.00927734375,0.0398148148148148,,,,,,
730179,399,36641661,9110,2023-07-20T00:49:28+00:00,2023-07-20T00:49:28+00:00,media,animal,,Platynota flavedana,,,,,,,,,0.973388671875,0.1041666666666666,0.0126953125,0.0398148148148148,,,,,,
730180,399,36641661,9110,2023-07-20T00:49:28+00:00,2023-07-20T00:49:28+00:00,media,animal,,Gymnandrosoma punctidiscanum,,,,,,,,,0.823486328125,0.3143518518518518,0.009765625,0.036574074074074,,,,,,
730181,399,36641661,9110,2023-07-20T00:49:28+00:00,2023-07-20T00:49:28+00:00,media,animal,,Magusa divaricata,,,,,,,,,0.5546875,0.0023148148148148,0.010009765625,0.0416666666666666,,,,,,
730182,399,36641661,9110,2023-07-20T00:49:28+00:00,2023-07-20T00:49:28+00:00,media,animal,,Acleris forsskaleana,,,,,,,,,0.72509765625,0.0,0.01611328125,0.0226851851851851,,,,,,
730183,399,36641661,9110,2023-07-20T00:49:28+00:00,2023-07-20T00:49:28+00:00,media,animal,,Acleris forsskaleana,,,,,,,,,0.8095703125,0.4402777777777777,0.01708984375,0.0398148148148148,,,,,,
730184,399,36641661,9110,2023-07-20T00:49:28+00:00,2023-07-20T00:49:28+00:00,media,animal,,Archips argyrospila,,,,,,,,,0.772705078125,0.6314814814814815,0.014892578125,0.0421296296296296,,,,,,
730185,399,36641661,9110,2023-07-20T00:49:28+00:00,2023-07-20T00:49:28+00:00,media,animal,,Eucosma olivaceana,,,,,,,,,0.521240234375,0.5097222222222222,0.009033203125,0.0523148148148148,,,,,,
730186,399,36641661,9110,2023-07-20T00:49:28+00:00,2023-07-20T00:49:28+00:00,media,animal,,Elasmopalpus lignosella,,,,,,,,,0.72509765625,0.6291666666666667,0.006103515625,0.0513888888888888,,,,,,
730352,400,36342516,8897,2022-08-26T00:23:50+00:00,2022-08-26T00:23:50+00:00,media,animal,,Not Lepidoptera,,,,,,,,,0.049560546875,0.9282407407407408,0.015625,0.0708333333333333,,,,,,
730353,400,36342516,8897,2022-08-26T00:23:50+00:00,2022-08-26T00:23:50+00:00,media,animal,,Not Lepidoptera,,,,,,,,,0.169677734375,0.9513888888888888,0.012451171875,0.0319444444444444,,,,,,
730354,400,36342516,8897,2022-08-26T00:23:50+00:00,2022-08-26T00:23:50+00:00,media,animal,,Not Lepidoptera,,,,,,,,,0.2431640625,0.9439814814814816,0.012939453125,0.0300925925925925,,,,,,
730355,400,36342516,8897,2022-08-26T00:23:50+00:00,2022-08-26T00:23:50+00:00,media,animal,,Elasmopalpus lignosella,,,,,,,,,0.3173828125,0.7152777777777778,0.039794921875,0.0458333333333333,,,,,,
730356,400,36342516,8897,2022-08-26T00:23:50+00:00,2022-08-26T00:23:50+00:00,media,animal,,Campaea perlata,,,,,,,,,0.10888671875,0.6416666666666667,0.08642578125,0.1041666666666666,,,,,,
730357,400,36342516,8897,2022-08-26T00:23:50+00:00,2022-08-26T00:23:50+00:00,media,animal,,Clepsis clemensiana,,,,,,,,,0.26123046875,0.486574074074074,0.018310546875,0.0564814814814814,,,,,,
730358,400,36342516,8897,2022-08-26T00:23:50+00:00,2022-08-26T00:23:50+00:00,media,animal,,Endothenia hebesana,,,,,,,,,0.410400390625,0.7606481481481482,0.02099609375,0.0587962962962963,,,,,,
730359,400,36342516,8897,2022-08-26T00:23:50+00:00,2022-08-26T00:23:50+00:00,media,animal,,Acrolepia assectella,,,,,,,,,0.359130859375,0.5861111111111111,0.018310546875,0.0157407407407407,,,,,,
730360,400,36342516,8897,2022-08-26T00:23:50+00:00,2022-08-26T00:23:50+00:00,media,animal,,Choristoneura rosaceana,,,,,,,,,0.83935546875,0.9564814814814816,0.03125,0.0435185185185185,,,,,,
730361,400,36342516,8897,2022-08-26T00:23:50+00:00,2022-08-26T00:23:50+00:00,media,animal,,Clemensia albata,,,,,,,,,0.466064453125,0.5111111111111111,0.0283203125,0.0597222222222222,,,,,,
730362,400,36342516,8897,2022-08-26T00:23:50+00:00,2022-08-26T00:23:50+00:00,media,animal,,Campaea perlata,,,,,,,,,0.83935546875,0.7490740740740741,0.0947265625,0.0930555555555555,,,,,,
730363,400,36342516,8897,2022-08-26T00:23:50+00:00,2022-08-26T00:23:50+00:00,media,animal,,Epiblema otiosana,,,,,,,,,0.204833984375,0.1041666666666666,0.022216796875,0.0291666666666666,,,,,,
730364,400,36342516,8897,2022-08-26T00:23:50+00:00,2022-08-26T00:23:50+00:00,media,animal,,Campaea perlata,,,,,,,,,0.248046875,0.0518518518518518,0.076904296875,0.0726851851851851,,,,,,
730365,400,36342516,8897,2022-08-26T00:23:50+00:00,2022-08-26T00:23:50+00:00,media,animal,,Neurobathra strigifinitella,,,,,,,,,0.44091796875,0.9458333333333332,0.013671875,0.049074074074074,,,,,,
730366,400,36342516,8897,2022-08-26T00:23:50+00:00,2022-08-26T00:23:50+00:00,media,animal,,Campaea perlata,,,,,,,,,0.8232421875,0.5847222222222223,0.0859375,0.0851851851851851,,,,,,
730367,400,36342516,8897,2022-08-26T00:23:50+00:00,2022-08-26T00:23:50+00:00,media,animal,,Euclidia cuspidea,,,,,,,,,0.53271484375,0.8236111111111111,0.021728515625,0.0212962962962962,,,,,,
730368,400,36342516,8897,2022-08-26T00:23:50+00:00,2022-08-26T00:23:50+00:00,media,animal,,Campaea perlata,,,,,,,,,0.703369140625,0.6620370370370371,0.123046875,0.1055555555555555,,,,,,
730369,400,36342516,8897,2022-08-26T00:23:50+00:00,2022-08-26T00:23:50+00:00,media,animal,,Clemensia albata,,,,,,,,,0.44775390625,0.8592592592592593,0.023193359375,0.0560185185185185,,,,,,
730370,400,36342516,8897,2022-08-26T00:23:50+00:00,2022-08-26T00:23:50+00:00,media,animal,,Campaea perlata,,,,,,,,,0.522216796875,0.8361111111111111,0.08056640625,0.1194444444444444,,,,,,
730371,400,36342516,8897,2022-08-26T00:23:50+00:00,2022-08-26T00:23:50+00:00,media,animal,,Pyrausta acrionalis,,,,,,,,,0.221435546875,0.8097222222222222,0.02734375,0.0518518518518518,,,,,,
730372,400,36342516,8897,2022-08-26T00:23:50+00:00,2022-08-26T00:23:50+00:00,media,animal,,Renia discoloralis,,,,,,,,,0.7880859375,0.2694444444444444,0.063720703125,0.1226851851851851,,,,,,
730373,400,36342516,8897,2022-08-26T00:23:50+00:00,2022-08-26T00:23:50+00:00,media,animal,,Campaea perlata,,,,,,,,,0.115478515625,0.3388888888888889,0.073974609375,0.1268518518518518,,,,,,
730374,400,36342516,8897,2022-08-26T00:23:50+00:00,2022-08-26T00:23:50+00:00,media,animal,,Pyrausta phoenicealis,,,,,,,,,0.8603515625,0.9305555555555556,0.06103515625,0.0694444444444444,,,,,,
730375,400,36342516,8897,2022-08-26T00:23:50+00:00,2022-08-26T00:23:50+00:00,media,animal,,Campaea perlata,,,,,,,,,0.75244140625,0.6662037037037037,0.0751953125,0.1296296296296296,,,,,,
730395,399,36861476,9018,2022-08-09T00:49:59+00:00,2022-08-09T00:49:59+00:00,media,animal,,Olethreutes astrologana,,,,,,,,,0.722900390625,0.7037037037037037,0.0224609375,0.0407407407407407,,,,,,
730396,399,36861476,9018,2022-08-09T00:49:59+00:00,2022-08-09T00:49:59+00:00,media,animal,,Lygropia rivulalis,,,,,,,,,0.97021484375,0.0152777777777777,0.011962890625,0.0518518518518518,,,,,,
730397,399,36861476,9018,2022-08-09T00:49:59+00:00,2022-08-09T00:49:59+00:00,media,animal,,Cenopis pettitana,,,,,,,,,0.189208984375,0.537962962962963,0.021484375,0.0657407407407407,,,,,,
730406,399,36688132,9103,2023-07-13T02:09:59+00:00,2023-07-13T02:09:59+00:00,media,animal,,Not Lepidoptera,,,,,,,,,0.8798828125,0.6185185185185185,0.00732421875,0.049537037037037,,,,,,
730407,399,36688132,9103,2023-07-13T02:09:59+00:00,2023-07-13T02:09:59+00:00,media,animal,,Not Lepidoptera,,,,,,,,,0.937255859375,0.9657407407407408,0.01416015625,0.0342592592592592,,,,,,
730408,399,36688132,9103,2023-07-13T02:09:59+00:00,2023-07-13T02:09:59+00:00,media,animal,,Not Lepidoptera,,,,,,,,,0.8818359375,0.4185185185185185,0.01025390625,0.0444444444444444,,,,,,
730409,399,36688132,9103,2023-07-13T02:09:59+00:00,2023-07-13T02:09:59+00:00,media,animal,,Not Lepidoptera,,,,,,,,,0.9658203125,0.0023148148148148,0.01220703125,0.0375,,,,,,
730410,399,36688132,9103,2023-07-13T02:09:59+00:00,2023-07-13T02:09:59+00:00,media,animal,,Not Lepidoptera,,,,,,,,,0.99365234375,0.475,0.006103515625,0.0444444444444444,,,,,,
730411,399,36688132,9103,2023-07-13T02:09:59+00:00,2023-07-13T02:09:59+00:00,media,animal,,Not Lepidoptera,,,,,,,,,0.35400390625,0.8814814814814815,0.0126953125,0.0532407407407407,,,,,,
730412,399,36688132,9103,2023-07-13T02:09:59+00:00,2023-07-13T02:09:59+00:00,media,animal,,Choristoneura fumiferana,,,,,,,,,0.57373046875,0.6361111111111111,0.024658203125,0.0689814814814814,,,,,,
730413,399,36688132,9103,2023-07-13T02:09:59+00:00,2023-07-13T02:09:59+00:00,media,animal,,Pandemis lamprosana,,,,,,,,,0.562744140625,0.963425925925926,0.027587890625,0.036574074074074,,,,,,
730414,399,36688132,9103,2023-07-13T02:09:59+00:00,2023-07-13T02:09:59+00:00,media,animal,,Acrolepia assectella,,,,,,,,,0.684326171875,0.5287037037037037,0.0078125,0.0555555555555555,,,,,,
730415,399,36688132,9103,2023-07-13T02:09:59+00:00,2023-07-13T02:09:59+00:00,media,animal,,Cenopis directana,,,,,,,,,0.640869140625,0.8611111111111112,0.015380859375,0.0569444444444444,,,,,,
730416,399,36688132,9103,2023-07-13T02:09:59+00:00,2023-07-13T02:09:59+00:00,media,animal,,Pandemis lamprosana,,,,,,,,,0.3955078125,0.6342592592592593,0.01806640625,0.0555555555555555,,,,,,
730417,399,36688132,9103,2023-07-13T02:09:59+00:00,2023-07-13T02:09:59+00:00,media,animal,,Pandemis canadana,,,,,,,,,0.136962890625,0.6782407407407407,0.020751953125,0.0625,,,,,,
730418,399,36688132,9103,2023-07-13T02:09:59+00:00,2023-07-13T02:09:59+00:00,media,animal,,Choristoneura rosaceana,,,,,,,,,0.771484375,0.9078703703703704,0.01953125,0.0587962962962963,,,,,,
730419,399,36688132,9103,2023-07-13T02:09:59+00:00,2023-07-13T02:09:59+00:00,media,animal,,Clepsis persicana,,,,,,,,,0.2265625,0.2541666666666666,0.020263671875,0.0555555555555555,,,,,,
730420,399,36688132,9103,2023-07-13T02:09:59+00:00,2023-07-13T02:09:59+00:00,media,animal,,Choristoneura fumiferana,,,,,,,,,0.3212890625,0.7134259259259259,0.012451171875,0.0504629629629629,,,,,,
730421,399,36688132,9103,2023-07-13T02:09:59+00:00,2023-07-13T02:09:59+00:00,media,animal,,Eucosma ochrocephala,,,,,,,,,0.086181640625,0.2717592592592592,0.009521484375,0.0523148148148148,,,,,,
730426,399,36983545,8997,2022-07-20T23:53:29+00:00,2022-07-20T23:53:29+00:00,media,animal,,Choristoneura fumiferana,,,,,,,,,0.47314453125,0.3703703703703703,0.017822265625,0.0685185185185185,,,,,,
730427,399,36983545,8997,2022-07-20T23:53:29+00:00,2022-07-20T23:53:29+00:00,media,animal,,Choristoneura fumiferana,,,,,,,,,0.153076171875,0.5083333333333333,0.024169921875,0.0574074074074074,,,,,,
730428,399,36983545,8997,2022-07-20T23:53:29+00:00,2022-07-20T23:53:29+00:00,media,animal,,Rhyacionia buoliana,,,,,,,,,0.388916015625,0.0564814814814814,0.024658203125,0.049537037037037,,,,,,
730429,399,36983545,8997,2022-07-20T23:53:29+00:00,2022-07-20T23:53:29+00:00,media,animal,,Cnephasia stephensiana,,,,,,,,,0.14697265625,0.0185185185185185,0.028076171875,0.0416666666666666,,,,,,
730430,399,36983545,8997,2022-07-20T23:53:29+00:00,2022-07-20T23:53:29+00:00,media,animal,,Cydia caryana,,,,,,,,,0.959716796875,0.3898148148148148,0.0263671875,0.0564814814814814,,,,,,
730431,399,36983545,8997,2022-07-20T23:53:29+00:00,2022-07-20T23:53:29+00:00,media,animal,,Choristoneura pinus,,,,,,,,,0.226806640625,0.8152777777777778,0.015869140625,0.0648148148148148,,,,,,
730432,399,36983545,8997,2022-07-20T23:53:29+00:00,2022-07-20T23:53:29+00:00,media,animal,,Choristoneura fumiferana,,,,,,,,,0.48486328125,0.0203703703703703,0.021728515625,0.0787037037037037,,,,,,
730433,399,36983545,8997,2022-07-20T23:53:29+00:00,2022-07-20T23:53:29+00:00,media,animal,,Celypha cespitana,,,,,,,,,0.6328125,0.9342592592592592,0.017578125,0.0439814814814814,,,,,,
730434,399,36983545,8997,2022-07-20T23:53:29+00:00,2022-07-20T23:53:29+00:00,media,animal,,Choristoneura fumiferana,,,,,,,,,0.728759765625,0.4351851851851852,0.02978515625,0.0671296296296296,,,,,,
730435,399,36983545,8997,2022-07-20T23:53:29+00:00,2022-07-20T23:53:29+00:00,media,animal,,Choristoneura fumiferana,,,,,,,,,0.198974609375,0.7180555555555556,0.0224609375,0.074537037037037,,,,,,
730436,399,36983545,8997,2022-07-20T23:53:29+00:00,2022-07-20T23:53:29+00:00,media,animal,,Choristoneura fumiferana,,,,,,,,,0.398193359375,0.5662037037037037,0.021240234375,0.0689814814814814,,,,,,
730437,399,36983545,8997,2022-07-20T23:53:29+00:00,2022-07-20T23:53:29+00:00,media,animal,,Hedya separatana,,,,,,,,,0.0,0.4217592592592593,0.017822265625,0.0689814814814814,,,,,,
